case_id,patient_id,visit,visit_days,instrument,prom_score,ohs,vr12_pcs,vr12_mcs,promis_pf,walking_aid
C0001,P0249,preop,-24,KOOS JR,36.2,,27.8,39.1,33,0
C0001,P0249,6wk,37,KOOS JR,57.6,,37.5,46.9,41.7,0
C0001,P0249,3mo,93,KOOS JR,66.8,,37,48.6,41.3,0
C0001,P0249,1yr,368,KOOS JR,89.3,,39.3,62.8,43.4,0
C0002,P0278,preop,-6,HOOS JR,48.5,24,30.1,48.9,35.1,1
C0002,P0278,6wk,37,HOOS JR,65.6,32,36.9,53.1,41.2,1
C0002,P0278,3mo,,HOOS JR,,,,,,
C0002,P0278,1yr,365,HOOS JR,97.1,48,51.6,57.3,54.5,0
C0003,P0447,preop,-15,HOOS JR,32.5,18,29.8,57.4,34.8,0
C0003,P0447,6wk,,HOOS JR,,,,,,
C0003,P0447,3mo,90,HOOS JR,62.1,33,53.9,37.3,56.6,0
C0003,P0447,1yr,380,HOOS JR,82.6,39,46.7,54.5,50,0
C0004,P0251,preop,-14,KOOS JR,49.9,,29.3,49.6,34.3,0
C0004,P0251,6wk,43,KOOS JR,75.5,,43.7,44.1,47.3,1
C0004,P0251,3mo,90,KOOS JR,81.5,,37.8,44.5,42,1
C0004,P0251,1yr,359,KOOS JR,91.6,,39.4,65.6,43.5,0
C0005,P0148,preop,-14,KOOS JR,52.9,,36.6,54.2,41,1
C0005,P0148,6wk,48,KOOS JR,78.5,,46.6,48.7,49.9,0
C0005,P0148,3mo,84,KOOS JR,79.8,,47.3,57.7,50.6,0
C0005,P0148,1yr,337,KOOS JR,92.9,,45.7,47,49.1,0
C0006,P0316,preop,-14,HOOS JR,38.6,19,31.7,43.7,36.6,0
C0006,P0316,6wk,,HOOS JR,,,,,,
C0006,P0316,3mo,,HOOS JR,,,,,,
C0006,P0316,1yr,,HOOS JR,,,,,,
C0007,P0092,preop,-14,KOOS JR,61.7,,27.5,41.4,32.7,0
C0007,P0092,6wk,42,KOOS JR,91.4,,46.4,47.4,49.8,0
C0007,P0092,3mo,88,KOOS JR,100,,40.8,46.1,44.7,0
C0007,P0092,1yr,,KOOS JR,,,,,,
C0008,P0234,preop,-14,HOOS JR,55.3,29,24.9,42.6,30.4,0
C0008,P0234,6wk,,HOOS JR,,,,,,
C0008,P0234,3mo,103,HOOS JR,67.2,37,39.7,49.9,43.7,0
C0008,P0234,1yr,366,HOOS JR,96.1,47,41.4,33.1,45.3,0
C0009,P0337,preop,-14,KOOS JR,59.5,,29.4,61.6,34.5,0
C0009,P0337,6wk,40,KOOS JR,77.2,,42.4,51.8,46.2,1
C0009,P0337,3mo,90,KOOS JR,78.4,,42.1,43.7,45.9,1
C0009,P0337,1yr,,KOOS JR,,,,,,
C0010,P0173,preop,-19,KOOS JR,68.3,,37.6,48.1,41.8,0
C0010,P0173,6wk,42,KOOS JR,88.1,,42.5,64.2,46.3,0
C0010,P0173,3mo,,KOOS JR,,,,,,
C0010,P0173,1yr,365,KOOS JR,97.5,,47.7,58.2,50.9,1
C0011,P0490,preop,-23,KOOS JR,39.4,,25.7,56.8,31.2,0
C0011,P0490,6wk,42,KOOS JR,63.6,,45.3,47.2,48.7,0
C0011,P0490,3mo,85,KOOS JR,70.3,,31.9,43.9,36.7,0
C0011,P0490,1yr,357,KOOS JR,95.2,,56.1,67.4,58.5,0
C0012,P0125,preop,-23,KOOS JR,41.8,,37,41.1,41.3,1
C0012,P0125,6wk,44,KOOS JR,54.9,,39.5,57.9,43.6,1
C0012,P0125,3mo,90,KOOS JR,74.2,,45,51.5,48.5,0
C0012,P0125,1yr,359,KOOS JR,84.3,,55.3,67.6,57.8,0
C0013,P0021,preop,-6,HOOS JR,41.8,24,28.2,48.2,33.3,0
C0013,P0021,6wk,,HOOS JR,,,,,,
C0013,P0021,3mo,81,HOOS JR,77.7,36,43.4,52.8,47,1
C0013,P0021,1yr,365,HOOS JR,81.2,39,59.5,45.6,61.5,0
C0014,P0452,preop,-25,HOOS JR,49.8,26,37.3,50.1,41.6,0
C0014,P0452,6wk,48,HOOS JR,89.7,45,39.4,52.2,43.5,1
C0014,P0452,3mo,,HOOS JR,,,,,,
C0014,P0452,1yr,,HOOS JR,,,,,,
C0015,P0164,preop,-10,KOOS JR,60.7,,20.4,40.1,26.4,0
C0015,P0164,6wk,41,KOOS JR,78.4,,30.6,53.3,35.6,1
C0015,P0164,3mo,79,KOOS JR,81.2,,36.5,47.8,40.9,0
C0015,P0164,1yr,368,KOOS JR,90.9,,48,72.7,51.2,1
C0016,P0250,preop,-1,HOOS JR,46.7,23,29.5,50,34.5,1
C0016,P0250,6wk,42,HOOS JR,68.7,39,35.8,39.5,40.2,0
C0016,P0250,3mo,79,HOOS JR,74,39,43.1,46.5,46.8,0
C0016,P0250,1yr,347,HOOS JR,79,34,41.3,65.6,45.2,0
C0017,P0230,preop,-7,HOOS JR,36.3,15,31.4,58.2,36.3,0
C0017,P0230,6wk,36,HOOS JR,59.1,31,23,45.4,28.7,0
C0017,P0230,3mo,90,HOOS JR,91.8,46,45.6,40.6,49,1
C0017,P0230,1yr,392,HOOS JR,99.7,46,33.7,47.7,38.3,0
C0018,P0447,preop,-24,HOOS JR,28.3,14,41.1,61.7,45,0
C0018,P0447,6wk,,HOOS JR,,,,,,
C0018,P0447,3mo,101,HOOS JR,74.9,32,45.8,40.1,49.3,0
C0018,P0447,1yr,,HOOS JR,,,,,,
C0019,P0177,preop,-6,HOOS JR,32.6,17,40.2,61,44.2,0
C0019,P0177,6wk,42,HOOS JR,57.6,24,24.1,50.1,29.7,1
C0019,P0177,3mo,,HOOS JR,,,,,,
C0019,P0177,1yr,,HOOS JR,,,,,,
C0020,P0343,preop,-14,KOOS JR,41.9,,45.6,70.5,49.1,0
C0020,P0343,6wk,48,KOOS JR,67.9,,25.2,44.9,30.7,1
C0020,P0343,3mo,87,KOOS JR,74.9,,46.5,48.8,49.9,1
C0020,P0343,1yr,361,KOOS JR,80.3,,55.3,43.3,57.7,0
C0021,P0045,preop,-5,KOOS JR,65.4,,35,29.6,39.5,0
C0021,P0045,6wk,43,KOOS JR,50.4,,23.7,53.8,29.4,1
C0021,P0045,3mo,90,KOOS JR,75.4,,34.8,58.6,39.3,0
C0021,P0045,1yr,365,KOOS JR,93,,33.6,56.3,38.2,0
C0022,P0079,preop,-24,KOOS JR,47.2,,26.4,52.4,31.8,0
C0022,P0079,6wk,43,KOOS JR,85.5,,39.7,61.8,43.7,0
C0022,P0079,3mo,,KOOS JR,,,,,,
C0022,P0079,1yr,,KOOS JR,,,,,,
C0023,P0124,preop,-4,HOOS JR,43.2,18,33.7,54.3,38.3,0
C0023,P0124,6wk,45,HOOS JR,69.1,37,35.2,48.2,39.6,1
C0023,P0124,3mo,85,HOOS JR,85.8,48,39.3,49.9,43.4,0
C0023,P0124,1yr,350,HOOS JR,96.9,45,41.2,54.2,45.1,0
C0024,P0304,preop,-14,HOOS JR,40.1,15,37.5,49.2,41.7,0
C0024,P0304,6wk,47,HOOS JR,60.7,30,27.9,54,33.1,1
C0024,P0304,3mo,82,HOOS JR,83.3,40,43.4,42.8,47.1,0
C0024,P0304,1yr,365,HOOS JR,97.3,46,46.9,70.6,50.2,0
C0025,P0268,preop,-14,HOOS JR,44.7,22,30.6,51.7,35.6,0
C0025,P0268,6wk,42,HOOS JR,86.2,40,38.7,53.2,42.9,1
C0025,P0268,3mo,91,HOOS JR,100,48,52.8,59.5,55.5,0
C0025,P0268,1yr,,HOOS JR,,,,,,
C0026,P0327,preop,-14,KOOS JR,43.3,,23.5,47.4,29.2,0
C0026,P0327,6wk,47,KOOS JR,69.5,,37,48.5,41.3,1
C0026,P0327,3mo,,KOOS JR,,,,,,
C0026,P0327,1yr,,KOOS JR,,,,,,
C0027,P0102,preop,-22,KOOS JR,42.6,,21.6,44.1,27.4,1
C0027,P0102,6wk,45,KOOS JR,50.2,,22.5,53.6,28.3,1
C0027,P0102,3mo,100,KOOS JR,58,,38.7,50.5,42.8,0
C0027,P0102,1yr,,KOOS JR,,,,,,
C0028,P0153,preop,,HOOS JR,,,,,,
C0028,P0153,6wk,38,HOOS JR,73.8,38,35.3,54.4,39.8,0
C0028,P0153,3mo,81,HOOS JR,79.2,38,33.1,43.9,37.8,0
C0028,P0153,1yr,,HOOS JR,,,,,,
C0029,P0291,preop,-6,KOOS JR,40.4,,29.6,47.2,34.6,0
C0029,P0291,6wk,37,KOOS JR,36.8,,23,47.3,28.7,1
C0029,P0291,3mo,90,KOOS JR,62.3,,32.7,62.5,37.4,1
C0029,P0291,1yr,392,KOOS JR,75.5,,36.2,63.4,40.5,0
C0030,P0038,preop,-14,KOOS JR,67.1,,35.4,34,39.9,0
C0030,P0038,6wk,,KOOS JR,,,,,,
C0030,P0038,3mo,,KOOS JR,,,,,,
C0030,P0038,1yr,342,KOOS JR,86.5,,46.9,37.3,50.2,0
C0031,P0394,preop,-3,HOOS JR,49.8,23,29.9,43.9,34.9,1
C0031,P0394,6wk,,HOOS JR,,,,,,
C0031,P0394,3mo,90,HOOS JR,95.6,46,39.4,53,43.4,1
C0031,P0394,1yr,395,HOOS JR,100,48,50.8,39.6,53.7,0
C0032,P0279,preop,-23,HOOS JR,45.8,22,32.4,49.4,37.1,1
C0032,P0279,6wk,37,HOOS JR,86.2,41,29.8,61.7,34.8,0
C0032,P0279,3mo,90,HOOS JR,84.4,46,41.2,57.1,45.1,0
C0032,P0279,1yr,365,HOOS JR,100,48,41.1,56.8,44.9,1
C0033,P0487,preop,-14,HOOS JR,48.9,19,26.2,32.3,31.6,1
C0033,P0487,6wk,49,HOOS JR,80.6,38,27.9,59,33.1,0
C0033,P0487,3mo,,HOOS JR,,,,,,
C0033,P0487,1yr,,HOOS JR,,,,,,
C0034,P0178,preop,-11,HOOS JR,45.5,21,30.4,55.6,35.4,0
C0034,P0178,6wk,36,HOOS JR,68.3,37,29.8,57.2,34.8,1
C0034,P0178,3mo,100,HOOS JR,80.8,41,42.6,52.9,46.3,0
C0034,P0178,1yr,361,HOOS JR,82.1,39,31.7,51.9,36.5,0
C0035,P0519,preop,-5,HOOS JR,33.8,14,34.2,50,38.8,0
C0035,P0519,6wk,46,HOOS JR,53,22,29.3,51.8,34.4,0
C0035,P0519,3mo,100,HOOS JR,79.5,36,42.7,48.7,46.4,0
C0035,P0519,1yr,365,HOOS JR,85.5,43,53.4,54.1,56,0
C0036,P0346,preop,-18,KOOS JR,38.8,,30.8,79.5,35.8,1
C0036,P0346,6wk,47,KOOS JR,69.7,,38.9,55.1,43,0
C0036,P0346,3mo,90,KOOS JR,100,,51.7,45.1,54.5,0
C0036,P0346,1yr,374,KOOS JR,92.5,,46.9,53.9,50.2,0
C0037,P0508,preop,-14,HOOS JR,43.5,20,33.8,58.1,38.5,0
C0037,P0508,6wk,42,HOOS JR,58.6,30,33.7,51.2,38.4,1
C0037,P0508,3mo,103,HOOS JR,82,37,41,40.6,44.9,0
C0037,P0508,1yr,395,HOOS JR,73.7,41,37.9,63.2,42.1,0
C0038,P0337,preop,-14,KOOS JR,42.4,,41.8,51.1,45.6,0
C0038,P0337,6wk,42,KOOS JR,52,,41.9,63.9,45.7,1
C0038,P0337,3mo,85,KOOS JR,71.1,,43.6,55.4,47.3,0
C0038,P0337,1yr,365,KOOS JR,55.8,,42.2,72.6,45.9,0
C0039,P0080,preop,-14,HOOS JR,35.9,17,23,48.2,28.7,0
C0039,P0080,6wk,45,HOOS JR,58.6,29,35.3,62.6,39.8,0
C0039,P0080,3mo,79,HOOS JR,78.9,38,32.3,38.6,37.1,0
C0039,P0080,1yr,365,HOOS JR,88.1,40,46.7,67.4,50.1,1
C0040,P0177,preop,-23,HOOS JR,66,35,35.6,49.4,40,0
C0040,P0177,6wk,37,HOOS JR,94.9,42,33.5,50.1,38.1,1
C0040,P0177,3mo,90,HOOS JR,96.5,46,41.5,55.2,45.3,0
C0040,P0177,1yr,,HOOS JR,,,,,,
C0041,P0261,preop,-27,KOOS JR,63.7,,35.2,60,39.7,1
C0041,P0261,6wk,44,KOOS JR,63.8,,26.7,29.6,32,1
C0041,P0261,3mo,89,KOOS JR,82,,49.2,47.4,52.3,0
C0041,P0261,1yr,365,KOOS JR,91.2,,44.6,56.3,48.2,0
C0042,P0387,preop,,KOOS JR,,,,,,
C0042,P0387,6wk,35,KOOS JR,50.5,,33.6,52.5,38.3,0
C0042,P0387,3mo,86,KOOS JR,88.9,,42.9,58.2,46.6,0
C0042,P0387,1yr,394,KOOS JR,70.7,,43.3,54.1,47,0
C0043,P0422,preop,-14,KOOS JR,50,,33.1,42.7,37.8,0
C0043,P0422,6wk,39,KOOS JR,79.7,,39.7,68.5,43.7,0
C0043,P0422,3mo,90,KOOS JR,58.4,,29.3,51.9,34.4,0
C0043,P0422,1yr,357,KOOS JR,100,,54.8,33.3,57.3,0
C0044,P0485,preop,-7,HOOS JR,42,15,36.9,42.1,41.2,0
C0044,P0485,6wk,42,HOOS JR,84.2,40,38.5,60.4,42.7,0
C0044,P0485,3mo,79,HOOS JR,70.9,37,34.2,61.2,38.8,1
C0044,P0485,1yr,,HOOS JR,,,,,,
C0045,P0502,preop,-15,KOOS JR,36.2,,24.5,47.1,30,0
C0045,P0502,6wk,49,KOOS JR,51.1,,40.1,40.5,44.1,0
C0045,P0502,3mo,96,KOOS JR,73.9,,43.4,45.8,47.1,0
C0045,P0502,1yr,350,KOOS JR,63.6,,35.7,42.9,40.1,1
C0046,P0144,preop,-14,HOOS JR,52.2,27,31.1,43.8,36,0
C0046,P0144,6wk,,HOOS JR,,,,,,
C0046,P0144,3mo,,HOOS JR,,,,,,
C0046,P0144,1yr,,HOOS JR,,,,,,
C0047,P0507,preop,-14,KOOS JR,39.5,,28.6,42.5,33.7,1
C0047,P0507,6wk,35,KOOS JR,49.6,,34.3,48.5,38.9,0
C0047,P0507,3mo,95,KOOS JR,44.8,,36.5,64.4,40.9,1
C0047,P0507,1yr,378,KOOS JR,56.4,,42.9,54.8,46.6,0
C0048,P0443,preop,-24,HOOS JR,46.4,22,27,60.7,32.3,1
C0048,P0443,6wk,38,HOOS JR,59,31,28.5,60,33.7,1
C0048,P0443,3mo,90,HOOS JR,45.4,20,36.6,49.2,41,0
C0048,P0443,1yr,385,HOOS JR,68.2,34,50.2,44.9,53.2,0
C0049,P0473,preop,-7,KOOS JR,76.7,,20.2,46.9,26.1,1
C0049,P0473,6wk,47,KOOS JR,85.4,,38.4,58.1,42.6,1
C0049,P0473,3mo,,KOOS JR,,,,,,
C0049,P0473,1yr,365,KOOS JR,86.5,,34,60.3,38.6,1
C0050,P0497,preop,-14,HOOS JR,45.1,22,27.6,47,32.9,0
C0050,P0497,6wk,38,HOOS JR,81.7,43,34.5,57.4,39,1
C0050,P0497,3mo,89,HOOS JR,91.8,43,36.3,49.6,40.7,0
C0050,P0497,1yr,380,HOOS JR,82.3,40,48.8,58.8,51.9,0
C0051,P0205,preop,-6,KOOS JR,25.5,,27.9,56.2,33.1,0
C0051,P0205,6wk,,KOOS JR,,,,,,
C0051,P0205,3mo,90,KOOS JR,64.8,,36.2,55.3,40.5,0
C0051,P0205,1yr,378,KOOS JR,84.7,,52.1,46.1,54.9,0
C0052,P0424,preop,-14,KOOS JR,20.4,,32.9,47.9,37.6,1
C0052,P0424,6wk,43,KOOS JR,54.5,,31,60.5,35.9,0
C0052,P0424,3mo,92,KOOS JR,69.7,,27.9,49,33.2,0
C0052,P0424,1yr,365,KOOS JR,78.9,,39.1,42.4,43.2,0
C0053,P0285,preop,-14,HOOS JR,54,27,16.2,53.1,22.6,0
C0053,P0285,6wk,42,HOOS JR,78.5,35,33.4,64.3,38.1,1
C0053,P0285,3mo,,HOOS JR,,,,,,
C0053,P0285,1yr,,HOOS JR,,,,,,
C0054,P0346,preop,-13,KOOS JR,41.3,,27,53,32.3,0
C0054,P0346,6wk,40,KOOS JR,59,,31.5,72.6,36.3,0
C0054,P0346,3mo,90,KOOS JR,85.1,,24.7,48.6,30.2,0
C0054,P0346,1yr,,KOOS JR,,,,,,
C0055,P0104,preop,-5,KOOS JR,48.6,,21.1,28.7,27,0
C0055,P0104,6wk,38,KOOS JR,52.2,,23.1,51.8,28.8,0
C0055,P0104,3mo,78,KOOS JR,79.2,,39.1,46.1,43.2,0
C0055,P0104,1yr,365,KOOS JR,92.1,,56,49.1,58.4,0
C0056,P0504,preop,-17,KOOS JR,42.5,,21.7,39.9,27.5,0
C0056,P0504,6wk,36,KOOS JR,41.8,,39.5,61,43.5,1
C0056,P0504,3mo,90,KOOS JR,79.5,,42.8,54.6,46.5,0
C0056,P0504,1yr,391,KOOS JR,63.5,,51.1,43,54,0
C0057,P0281,preop,-14,HOOS JR,44.2,23,27.4,64.4,32.7,0
C0057,P0281,6wk,42,HOOS JR,62.5,25,21.9,45.1,27.7,1
C0057,P0281,3mo,77,HOOS JR,71.7,30,43.9,68.2,47.5,0
C0057,P0281,1yr,365,HOOS JR,74,40,37.3,51.3,41.6,0
C0058,P0457,preop,-5,KOOS JR,44.2,,30.2,60.4,35.2,1
C0058,P0457,6wk,48,KOOS JR,37.8,,27.9,49.6,33.1,1
C0058,P0457,3mo,88,KOOS JR,61.5,,33.8,71.6,38.5,0
C0058,P0457,1yr,365,KOOS JR,58.9,,37.1,49.4,41.4,0
C0059,P0317,preop,-14,HOOS JR,42.8,23,30.9,41,35.8,0
C0059,P0317,6wk,41,HOOS JR,73.1,33,49.3,60.3,52.3,1
C0059,P0317,3mo,86,HOOS JR,77.1,37,49,50.8,52.1,0
C0059,P0317,1yr,338,HOOS JR,93.4,42,48.5,52.3,51.7,0
C0060,P0256,preop,-27,KOOS JR,50.2,,26.3,62.4,31.7,1
C0060,P0256,6wk,44,KOOS JR,56,,31,60.3,35.9,1
C0060,P0256,3mo,95,KOOS JR,85.3,,33.9,45,38.5,0
C0060,P0256,1yr,,KOOS JR,,,,,,
C0061,P0499,preop,-23,KOOS JR,53.8,,35.2,48.3,39.7,1
C0061,P0499,6wk,42,KOOS JR,59.7,,35.7,52.2,40.2,1
C0061,P0499,3mo,90,KOOS JR,73.8,,39.3,47.4,43.3,0
C0061,P0499,1yr,,KOOS JR,,,,,,
C0062,P0373,preop,-14,KOOS JR,44,,30.2,62.4,35.2,0
C0062,P0373,6wk,42,KOOS JR,70.1,,39.1,61.8,43.1,1
C0062,P0373,3mo,100,KOOS JR,69.4,,40.7,46.8,44.6,0
C0062,P0373,1yr,365,KOOS JR,92.6,,51.3,64.5,54.2,0
C0063,P0265,preop,-3,HOOS JR,34,12,22.7,48.1,28.4,0
C0063,P0265,6wk,44,HOOS JR,55.3,27,27.9,60.2,33.1,1
C0063,P0265,3mo,98,HOOS JR,62,26,44.2,62.5,47.8,0
C0063,P0265,1yr,364,HOOS JR,88.9,48,39.6,70.3,43.6,0
C0064,P0193,preop,-14,HOOS JR,37.8,18,22.5,37,28.3,0
C0064,P0193,6wk,42,HOOS JR,70.5,32,27.1,54,32.4,1
C0064,P0193,3mo,94,HOOS JR,93,46,43.6,45.3,47.2,0
C0064,P0193,1yr,365,HOOS JR,92.8,46,54,57.2,56.6,0
C0065,P0448,preop,-14,HOOS JR,45.3,24,22.4,63.4,28.1,1
C0065,P0448,6wk,43,HOOS JR,71,41,30,53.2,35,1
C0065,P0448,3mo,92,HOOS JR,82,33,42.8,55.5,46.5,0
C0065,P0448,1yr,,HOOS JR,,,,,,
C0066,P0032,preop,-19,KOOS JR,37.2,,38.9,54.5,43.1,0
C0066,P0032,6wk,47,KOOS JR,57.9,,37.7,69.5,41.9,1
C0066,P0032,3mo,83,KOOS JR,59.6,,22.6,51.7,28.3,0
C0066,P0032,1yr,383,KOOS JR,70.4,,46.1,55.4,49.5,0
C0067,P0436,preop,-15,KOOS JR,64.7,,36.1,46.4,40.5,0
C0067,P0436,6wk,42,KOOS JR,54.5,,35.3,41.8,39.8,1
C0067,P0436,3mo,,KOOS JR,,,,,,
C0067,P0436,1yr,,KOOS JR,,,,,,
C0068,P0025,preop,-24,KOOS JR,46.2,,27.6,49.3,32.9,0
C0068,P0025,6wk,,KOOS JR,,,,,,
C0068,P0025,3mo,,KOOS JR,,,,,,
C0068,P0025,1yr,,KOOS JR,,,,,,
C0069,P0351,preop,-26,HOOS JR,43.3,21,23.2,48.8,28.9,0
C0069,P0351,6wk,37,HOOS JR,78.6,38,33.8,54.4,38.4,0
C0069,P0351,3mo,90,HOOS JR,77.2,38,38.4,47.1,42.6,0
C0069,P0351,1yr,,HOOS JR,,,,,,
C0070,P0252,preop,-17,KOOS JR,44.1,,31,70.2,35.9,1
C0070,P0252,6wk,37,KOOS JR,61.6,,41.5,56.4,45.4,1
C0070,P0252,3mo,90,KOOS JR,87.5,,49.4,63.3,52.5,1
C0070,P0252,1yr,365,KOOS JR,93.9,,47.8,47.1,51,0
C0071,P0501,preop,-4,HOOS JR,53,21,31.7,39.1,36.5,0
C0071,P0501,6wk,40,HOOS JR,71.7,35,34.3,57.4,38.9,1
C0071,P0501,3mo,89,HOOS JR,97.1,47,41.3,51,45.2,1
C0071,P0501,1yr,392,HOOS JR,99.4,46,39.2,48.3,43.2,0
C0072,P0488,preop,-14,KOOS JR,63.4,,27.4,47.7,32.7,0
C0072,P0488,6wk,39,KOOS JR,73.6,,38.1,69.8,42.3,1
C0072,P0488,3mo,,KOOS JR,,,,,,
C0072,P0488,1yr,377,KOOS JR,72.8,,44.4,55.7,47.9,0
C0073,P0170,preop,-17,HOOS JR,28.9,14,34.1,52.5,38.7,0
C0073,P0170,6wk,42,HOOS JR,45,25,39,44.1,43.1,1
C0073,P0170,3mo,80,HOOS JR,79.6,34,40.2,60.8,44.2,1
C0073,P0170,1yr,366,HOOS JR,70.4,33,41.1,49.2,45,0
C0074,P0241,preop,-14,KOOS JR,54.6,,24.2,53.1,29.7,0
C0074,P0241,6wk,42,KOOS JR,77.6,,41.5,50.2,45.4,0
C0074,P0241,3mo,,KOOS JR,,,,,,
C0074,P0241,1yr,387,KOOS JR,100,,43.6,62.2,47.2,0
C0075,P0307,preop,-4,HOOS JR,45.9,21,19.7,49.8,25.8,1
C0075,P0307,6wk,42,HOOS JR,61.5,33,36.1,52.2,40.4,0
C0075,P0307,3mo,79,HOOS JR,77.4,33,44.9,61.5,48.4,0
C0075,P0307,1yr,,HOOS JR,,,,,,
C0076,P0451,preop,-4,KOOS JR,22.1,,18.4,36.9,24.6,0
C0076,P0451,6wk,,KOOS JR,,,,,,
C0076,P0451,3mo,90,KOOS JR,53.2,,40.4,62.3,44.3,1
C0076,P0451,1yr,367,KOOS JR,58.4,,30.5,69.7,35.4,0
C0077,P0469,preop,-2,KOOS JR,24.7,,33.1,40.4,37.8,0
C0077,P0469,6wk,42,KOOS JR,52.8,,39.3,60.7,43.3,1
C0077,P0469,3mo,89,KOOS JR,61.7,,33.1,43.1,37.8,0
C0077,P0469,1yr,365,KOOS JR,77.4,,38.9,53.9,43,0
C0078,P0242,preop,-13,HOOS JR,45.9,25,32.2,35.4,36.9,0
C0078,P0242,6wk,42,HOOS JR,47,24,37,58.2,41.3,1
C0078,P0242,3mo,,HOOS JR,,,,,,
C0078,P0242,1yr,,HOOS JR,,,,,,
C0079,P0200,preop,-25,HOOS JR,29.4,14,48.2,37.4,51.4,1
C0079,P0200,6wk,44,HOOS JR,54.5,25,24.4,50.7,30,0
C0079,P0200,3mo,80,HOOS JR,75,30,53.5,46.3,56.2,0
C0079,P0200,1yr,365,HOOS JR,83.9,44,41,39.9,44.9,0
C0080,P0175,preop,-6,KOOS JR,53.2,,32.3,53.2,37,0
C0080,P0175,6wk,44,KOOS JR,60.7,,30.6,35.4,35.6,0
C0080,P0175,3mo,99,KOOS JR,71.4,,43.2,49.1,46.9,1
C0080,P0175,1yr,,KOOS JR,,,,,,
C0081,P0381,preop,-14,HOOS JR,34.8,20,20.1,56,26.1,0
C0081,P0381,6wk,,HOOS JR,,,,,,
C0081,P0381,3mo,81,HOOS JR,60.1,28,30.9,44.2,35.9,0
C0081,P0381,1yr,339,HOOS JR,63.7,28,53.7,53.4,56.3,0
C0082,P0071,preop,-4,HOOS JR,56,23,37.5,44.1,41.7,1
C0082,P0071,6wk,41,HOOS JR,73.2,37,33.6,43.7,38.2,0
C0082,P0071,3mo,,HOOS JR,,,,,,
C0082,P0071,1yr,,HOOS JR,,,,,,
C0083,P0274,preop,-14,KOOS JR,53.9,,22.7,55.4,28.4,1
C0083,P0274,6wk,42,KOOS JR,68.9,,37.1,52.5,41.4,0
C0083,P0274,3mo,84,KOOS JR,88.2,,42.1,58.9,45.9,0
C0083,P0274,1yr,,KOOS JR,,,,,,
C0084,P0106,preop,-8,HOOS JR,51.1,24,38.5,47.9,42.7,0
C0084,P0106,6wk,46,HOOS JR,84.8,37,29.3,56.6,34.3,1
C0084,P0106,3mo,90,HOOS JR,82.5,40,46.1,46.4,49.5,0
C0084,P0106,1yr,339,HOOS JR,98.5,47,48.7,53,51.9,0
C0085,P0283,preop,-14,KOOS JR,51.3,,29.9,54.7,34.9,0
C0085,P0283,6wk,44,KOOS JR,48.8,,34.5,60.7,39,1
C0085,P0283,3mo,90,KOOS JR,72.7,,34.3,48.5,38.8,0
C0085,P0283,1yr,365,KOOS JR,72.4,,49.6,54.6,52.7,1
C0086,P0259,preop,-4,KOOS JR,49.8,,40.1,34.8,44.1,1
C0086,P0259,6wk,,KOOS JR,,,,,,
C0086,P0259,3mo,,KOOS JR,,,,,,
C0086,P0259,1yr,,KOOS JR,,,,,,
C0087,P0464,preop,-12,HOOS JR,33.8,14,16.7,63.5,23.1,0
C0087,P0464,6wk,39,HOOS JR,50.9,23,36.5,34.6,40.9,1
C0087,P0464,3mo,81,HOOS JR,61.3,27,44.4,42.5,47.9,1
C0087,P0464,1yr,,HOOS JR,,,,,,
C0088,P0256,preop,-11,KOOS JR,46.7,,30,43.1,35,0
C0088,P0256,6wk,38,KOOS JR,55.6,,40.7,53.8,44.6,1
C0088,P0256,3mo,81,KOOS JR,67.4,,30.5,54.2,35.4,0
C0088,P0256,1yr,373,KOOS JR,89.1,,48.2,69.5,51.4,0
C0089,P0335,preop,-14,HOOS JR,53.8,28,37.6,42,41.8,0
C0089,P0335,6wk,42,HOOS JR,84.4,38,39,56.3,43.1,0
C0089,P0335,3mo,,HOOS JR,,,,,,
C0089,P0335,1yr,372,HOOS JR,83.9,44,47.1,56.9,50.4,0
C0090,P0029,preop,,KOOS JR,,,,,,
C0090,P0029,6wk,37,KOOS JR,44.8,,43.5,59.2,47.2,1
C0090,P0029,3mo,103,KOOS JR,63.7,,41.1,56.5,45,0
C0090,P0029,1yr,379,KOOS JR,53.2,,36.6,50.7,41,0
C0091,P0328,preop,-25,HOOS JR,47.8,23,36.8,45.1,41.1,0
C0091,P0328,6wk,,HOOS JR,,,,,,
C0091,P0328,3mo,90,HOOS JR,78.7,38,33.9,56.4,38.5,0
C0091,P0328,1yr,345,HOOS JR,93.3,44,45.1,55.3,48.5,0
C0092,P0416,preop,-25,KOOS JR,73.1,,43.8,52.2,47.4,0
C0092,P0416,6wk,44,KOOS JR,71.8,,33.1,44.2,37.8,1
C0092,P0416,3mo,,KOOS JR,,,,,,
C0092,P0416,1yr,382,KOOS JR,94,,38.9,50.9,43.1,1
C0093,P0051,preop,-14,KOOS JR,59.2,,30.8,41.2,35.7,0
C0093,P0051,6wk,,KOOS JR,,,,,,
C0093,P0051,3mo,83,KOOS JR,80.9,,44.9,37.3,48.4,0
C0093,P0051,1yr,,KOOS JR,,,,,,
C0094,P0266,preop,-20,KOOS JR,37,,27.1,48.2,32.4,0
C0094,P0266,6wk,42,KOOS JR,54.8,,34.8,44.5,39.4,1
C0094,P0266,3mo,90,KOOS JR,69.8,,36.9,52.1,41.2,1
C0094,P0266,1yr,367,KOOS JR,72.1,,39.8,53,43.8,1
C0095,P0276,preop,-14,KOOS JR,54.6,,35.8,43.9,40.2,1
C0095,P0276,6wk,42,KOOS JR,74.3,,33.9,43.4,38.5,0
C0095,P0276,3mo,90,KOOS JR,87,,44.6,62.3,48.2,0
C0095,P0276,1yr,386,KOOS JR,95.6,,50.5,58.6,53.5,0
C0096,P0100,preop,-5,HOOS JR,31.4,17,21.4,51.5,27.3,0
C0096,P0100,6wk,39,HOOS JR,52.2,28,30.2,48.5,35.1,0
C0096,P0100,3mo,101,HOOS JR,68.5,32,36.1,64.5,40.5,0
C0096,P0100,1yr,,HOOS JR,,,,,,
C0097,P0219,preop,-7,HOOS JR,48.9,22,41.4,51.2,45.3,1
C0097,P0219,6wk,42,HOOS JR,63.1,30,30.4,43.6,35.3,1
C0097,P0219,3mo,90,HOOS JR,64.6,27,45.3,72.9,48.7,0
C0097,P0219,1yr,365,HOOS JR,75.8,37,49.5,54.5,52.5,0
C0098,P0132,preop,-25,HOOS JR,31,20,27.5,57.3,32.7,1
C0098,P0132,6wk,42,HOOS JR,77.7,37,33.8,71.4,38.4,0
C0098,P0132,3mo,90,HOOS JR,75.2,38,35.2,39,39.7,0
C0098,P0132,1yr,357,HOOS JR,94.4,43,40,70.4,44,0
C0099,P0272,preop,-14,KOOS JR,50,,26.2,48.1,31.6,0
C0099,P0272,6wk,38,KOOS JR,73.5,,40.2,49.8,44.1,0
C0099,P0272,3mo,,KOOS JR,,,,,,
C0099,P0272,1yr,373,KOOS JR,77.5,,34.5,45.4,39,0
C0100,P0215,preop,-14,HOOS JR,54.2,24,35.7,52,40.2,1
C0100,P0215,6wk,42,HOOS JR,79.3,40,36.7,46,41,1
C0100,P0215,3mo,87,HOOS JR,74.3,35,43.3,50.1,47,0
C0100,P0215,1yr,365,HOOS JR,91.6,46,47.5,73.7,50.7,0
C0101,P0015,preop,-21,KOOS JR,47.8,,19.3,45.3,25.4,0
C0101,P0015,6wk,,KOOS JR,,,,,,
C0101,P0015,3mo,90,KOOS JR,78.6,,42.2,46,46,0
C0101,P0015,1yr,361,KOOS JR,88.6,,47.8,55,51,0
C0102,P0149,preop,-23,KOOS JR,44.9,,28.6,50.1,33.7,0
C0102,P0149,6wk,43,KOOS JR,61.3,,41.9,38.7,45.7,1
C0102,P0149,3mo,,KOOS JR,,,,,,
C0102,P0149,1yr,365,KOOS JR,100,,49.7,56.1,52.8,0
C0103,P0116,preop,-22,KOOS JR,65.8,,40.1,43.7,44.1,1
C0103,P0116,6wk,41,KOOS JR,78.8,,40.4,54.8,44.4,1
C0103,P0116,3mo,90,KOOS JR,81.3,,39.7,48.6,43.8,0
C0103,P0116,1yr,392,KOOS JR,100,,48.8,61.5,51.9,0
C0104,P0440,preop,-26,KOOS JR,36.5,,22.4,45.3,28.2,1
C0104,P0440,6wk,48,KOOS JR,76.1,,31.6,47,36.4,1
C0104,P0440,3mo,,KOOS JR,,,,,,
C0104,P0440,1yr,365,KOOS JR,85.8,,44.3,55.3,47.8,1
C0105,P0136,preop,-10,KOOS JR,42.8,,33.9,59.3,38.5,1
C0105,P0136,6wk,47,KOOS JR,51.5,,29.8,43.5,34.8,1
C0105,P0136,3mo,89,KOOS JR,71.7,,33.6,41.8,38.3,0
C0105,P0136,1yr,389,KOOS JR,62,,35.8,60.4,40.2,0
C0106,P0144,preop,-4,HOOS JR,58.6,32,29.2,61.5,34.3,0
C0106,P0144,6wk,45,HOOS JR,84.3,40,36.1,46.8,40.5,1
C0106,P0144,3mo,100,HOOS JR,96.2,47,40.4,51.3,44.4,0
C0106,P0144,1yr,361,HOOS JR,100,44,55.9,54.4,58.3,0
C0107,P0435,preop,-10,HOOS JR,61.1,27,36.4,50.4,40.8,1
C0107,P0435,6wk,42,HOOS JR,88.6,41,31.1,63.8,36,1
C0107,P0435,3mo,90,HOOS JR,92.7,47,44.6,64.2,48.1,1
C0107,P0435,1yr,348,HOOS JR,100,48,48.2,44.2,51.4,0
C0108,P0111,preop,-5,HOOS JR,38.1,19,30.2,58.6,35.2,0
C0108,P0111,6wk,45,HOOS JR,63.5,30,34.7,64.2,39.2,1
C0108,P0111,3mo,90,HOOS JR,76.9,38,43.6,48.2,47.2,0
C0108,P0111,1yr,342,HOOS JR,90.8,43,40.9,45.8,44.9,0
C0109,P0032,preop,-4,KOOS JR,62.6,,36.3,56.1,40.7,0
C0109,P0032,6wk,42,KOOS JR,68,,39.7,51.4,43.7,0
C0109,P0032,3mo,,KOOS JR,,,,,,
C0109,P0032,1yr,,KOOS JR,,,,,,
C0110,P0375,preop,-17,KOOS JR,37.4,,31.9,53.1,36.7,1
C0110,P0375,6wk,,KOOS JR,,,,,,
C0110,P0375,3mo,82,KOOS JR,84.8,,45,65.1,48.5,1
C0110,P0375,1yr,,KOOS JR,,,,,,
C0111,P0217,preop,-14,HOOS JR,40.9,21,29.6,53.9,34.6,0
C0111,P0217,6wk,47,HOOS JR,70.1,37,28.3,44,33.4,1
C0111,P0217,3mo,90,HOOS JR,77.8,40,37.4,64.6,41.6,1
C0111,P0217,1yr,362,HOOS JR,94.1,43,35.7,74.8,40.1,0
C0112,P0432,preop,-5,HOOS JR,61.4,30,39.2,51.2,43.2,0
C0112,P0432,6wk,42,HOOS JR,58.9,28,30.7,54.1,35.6,1
C0112,P0432,3mo,90,HOOS JR,82.4,37,45.3,33.6,48.8,0
C0112,P0432,1yr,352,HOOS JR,90.6,36,42.5,44.7,46.3,0
C0113,P0082,preop,-13,KOOS JR,44.8,,30.4,40.1,35.3,1
C0113,P0082,6wk,37,KOOS JR,66.9,,37.8,53.4,42.1,0
C0113,P0082,3mo,93,KOOS JR,91.7,,42.7,49.4,46.5,0
C0113,P0082,1yr,355,KOOS JR,100,,56.6,52.5,59,0
C0114,P0344,preop,-14,KOOS JR,36.7,,27.3,43.8,32.6,0
C0114,P0344,6wk,47,KOOS JR,67.5,,38.1,39.2,42.3,1
C0114,P0344,3mo,104,KOOS JR,82.2,,52.6,50,55.3,0
C0114,P0344,1yr,365,KOOS JR,100,,40.4,55.7,44.4,0
C0115,P0019,preop,-22,HOOS JR,34.2,17,18.6,29.8,24.7,1
C0115,P0019,6wk,,HOOS JR,,,,,,
C0115,P0019,3mo,,HOOS JR,,,,,,
C0115,P0019,1yr,375,HOOS JR,80.3,40,49.9,54.1,52.9,0
C0116,P0330,preop,-14,KOOS JR,44.1,,27.2,71.8,32.5,0
C0116,P0330,6wk,37,KOOS JR,63.8,,30.1,56.9,35.1,1
C0116,P0330,3mo,,KOOS JR,,,,,,
C0116,P0330,1yr,358,KOOS JR,92.9,,40.5,69.2,44.4,0
C0117,P0258,preop,-16,KOOS JR,52.4,,31.2,56.3,36.1,0
C0117,P0258,6wk,35,KOOS JR,63.7,,39.9,52.3,43.9,1
C0117,P0258,3mo,90,KOOS JR,58.4,,33,46.4,37.7,0
C0117,P0258,1yr,364,KOOS JR,71.6,,45.4,41.9,48.8,0
C0118,P0099,preop,,HOOS JR,,,,,,
C0118,P0099,6wk,42,HOOS JR,65,31,40.4,66,44.4,0
C0118,P0099,3mo,93,HOOS JR,69.2,38,37.2,50,41.5,0
C0118,P0099,1yr,365,HOOS JR,76.3,36,41.4,61.2,45.3,0
C0119,P0051,preop,-23,KOOS JR,53.7,,31.4,61.3,36.3,0
C0119,P0051,6wk,43,KOOS JR,68.1,,34.9,50.3,39.4,0
C0119,P0051,3mo,,KOOS JR,,,,,,
C0119,P0051,1yr,355,KOOS JR,79.8,,45.3,45.3,48.8,0
C0120,P0118,preop,-14,HOOS JR,42.9,19,28.8,45.8,33.9,0
C0120,P0118,6wk,,HOOS JR,,,,,,
C0120,P0118,3mo,78,HOOS JR,61.2,30,46,56.8,49.4,1
C0120,P0118,1yr,365,HOOS JR,70.4,35,43.2,58.8,46.9,0
C0121,P0315,preop,-18,KOOS JR,67.5,,29.8,58.7,34.9,0
C0121,P0315,6wk,35,KOOS JR,71.5,,43.9,27.2,47.5,0
C0121,P0315,3mo,94,KOOS JR,92.2,,49.2,49.6,52.3,0
C0121,P0315,1yr,365,KOOS JR,100,,40,57,44,0
C0122,P0017,preop,-14,KOOS JR,37.3,,42,45.3,45.8,1
C0122,P0017,6wk,40,KOOS JR,45.2,,29.6,41.9,34.7,1
C0122,P0017,3mo,89,KOOS JR,61.8,,32.2,46.5,37,0
C0122,P0017,1yr,,KOOS JR,,,,,,
C0123,P0273,preop,,KOOS JR,,,,,,
C0123,P0273,6wk,42,KOOS JR,62.5,,39.7,54.2,43.7,1
C0123,P0273,3mo,90,KOOS JR,58.8,,37.2,49.4,41.5,0
C0123,P0273,1yr,343,KOOS JR,66.5,,50.2,58,53.2,0
C0124,P0088,preop,-25,KOOS JR,71.6,,29.9,47.4,34.9,0
C0124,P0088,6wk,42,KOOS JR,71.8,,32.1,50.4,36.9,0
C0124,P0088,3mo,93,KOOS JR,75.8,,34.7,53.1,39.3,0
C0124,P0088,1yr,365,KOOS JR,100,,36.2,50.2,40.5,0
C0125,P0322,preop,-7,HOOS JR,35.3,20,32.4,56.1,37.2,0
C0125,P0322,6wk,43,HOOS JR,58.4,33,35.5,55.1,39.9,1
C0125,P0322,3mo,90,HOOS JR,67.1,33,45.9,49,49.3,0
C0125,P0322,1yr,338,HOOS JR,90.9,42,58.3,57.7,60.5,0
C0126,P0055,preop,-3,KOOS JR,78.4,,37.6,42.9,41.9,0
C0126,P0055,6wk,46,KOOS JR,80.4,,33,38.8,37.7,1
C0126,P0055,3mo,76,KOOS JR,89.2,,36,46.3,40.4,0
C0126,P0055,1yr,369,KOOS JR,100,,37.1,41.5,41.4,0
C0127,P0009,preop,-6,KOOS JR,42,,32.4,51.8,37.1,1
C0127,P0009,6wk,47,KOOS JR,58.2,,35,62.9,39.5,1
C0127,P0009,3mo,100,KOOS JR,63.1,,41.6,42.7,45.4,0
C0127,P0009,1yr,365,KOOS JR,74.5,,39.5,50.7,43.5,0
C0128,P0401,preop,-26,HOOS JR,61.7,27,25.5,54.6,30.9,0
C0128,P0401,6wk,42,HOOS JR,95.8,48,26.1,62,31.5,0
C0128,P0401,3mo,90,HOOS JR,88.8,44,38.1,52,42.3,0
C0128,P0401,1yr,337,HOOS JR,100,48,59.4,62.6,61.4,0
C0129,P0476,preop,-8,KOOS JR,58.8,,30.4,46.4,35.3,0
C0129,P0476,6wk,43,KOOS JR,62.2,,40.5,51.7,44.5,0
C0129,P0476,3mo,92,KOOS JR,67.9,,45,39,48.5,0
C0129,P0476,1yr,365,KOOS JR,87.5,,33.8,59.8,38.4,0
C0130,P0022,preop,-10,HOOS JR,48.9,27,35,40.1,39.5,0
C0130,P0022,6wk,44,HOOS JR,70.9,33,32.9,65.1,37.6,0
C0130,P0022,3mo,90,HOOS JR,78.3,34,40.6,47.2,44.6,0
C0130,P0022,1yr,366,HOOS JR,84.2,39,34.8,47.2,39.3,0
C0131,P0095,preop,-7,HOOS JR,49.2,25,37.4,58.1,41.6,0
C0131,P0095,6wk,39,HOOS JR,68.9,33,26.1,63.5,31.5,1
C0131,P0095,3mo,90,HOOS JR,96.1,46,40.2,66.4,44.2,0
C0131,P0095,1yr,365,HOOS JR,85.4,41,49,44.8,52.1,0
C0132,P0182,preop,-14,KOOS JR,61.9,,28.2,45.6,33.3,1
C0132,P0182,6wk,36,KOOS JR,76.9,,35.1,50.8,39.6,1
C0132,P0182,3mo,90,KOOS JR,70.3,,39.3,39.3,43.4,1
C0132,P0182,1yr,386,KOOS JR,81.7,,57.1,43.4,59.4,0
C0133,P0163,preop,-14,HOOS JR,43.6,22,28.1,49,33.3,0
C0133,P0163,6wk,43,HOOS JR,84.5,47,37,37.8,41.3,1
C0133,P0163,3mo,,HOOS JR,,,,,,
C0133,P0163,1yr,341,HOOS JR,95.1,48,38.2,65.6,42.4,0
C0134,P0360,preop,-16,KOOS JR,36.5,,19.4,53.8,25.5,0
C0134,P0360,6wk,,KOOS JR,,,,,,
C0134,P0360,3mo,85,KOOS JR,61.3,,34.9,44.6,39.4,0
C0134,P0360,1yr,365,KOOS JR,63.5,,40.4,37.6,44.3,0
C0135,P0223,preop,-14,HOOS JR,58.6,26,30.3,59,35.2,0
C0135,P0223,6wk,42,HOOS JR,85.5,37,33.7,45.6,38.4,1
C0135,P0223,3mo,95,HOOS JR,93,43,44.9,33.6,48.4,1
C0135,P0223,1yr,365,HOOS JR,100,48,35.7,56.7,40.2,0
C0136,P0453,preop,-8,HOOS JR,26.5,15,43,36.2,46.7,0
C0136,P0453,6wk,42,HOOS JR,58.1,25,36.6,64.2,41,0
C0136,P0453,3mo,83,HOOS JR,61.2,30,25.6,67.7,31.1,0
C0136,P0453,1yr,365,HOOS JR,65.4,31,45.9,49.3,49.3,0
C0137,P0214,preop,,KOOS JR,,,,,,
C0137,P0214,6wk,42,KOOS JR,67.8,,32.6,45.4,37.4,1
C0137,P0214,3mo,99,KOOS JR,84.3,,35.7,44.6,40.1,0
C0137,P0214,1yr,,KOOS JR,,,,,,
C0138,P0166,preop,-17,KOOS JR,62.4,,30.5,66.7,35.4,0
C0138,P0166,6wk,40,KOOS JR,70.7,,36.4,59,40.8,1
C0138,P0166,3mo,92,KOOS JR,67.5,,36.4,55.9,40.7,0
C0138,P0166,1yr,368,KOOS JR,89.7,,46.8,52.4,50.1,0
C0139,P0338,preop,-8,HOOS JR,38.6,18,25.1,49.3,30.5,0
C0139,P0338,6wk,40,HOOS JR,63.4,34,33.8,63.7,38.4,1
C0139,P0338,3mo,95,HOOS JR,82.1,41,46.9,36.7,50.2,1
C0139,P0338,1yr,,HOOS JR,,,,,,
C0140,P0448,preop,-1,HOOS JR,51.5,26,45.4,58.5,48.9,1
C0140,P0448,6wk,48,HOOS JR,59,29,27.2,46.6,32.5,1
C0140,P0448,3mo,76,HOOS JR,73.6,35,48.3,51.1,51.5,0
C0140,P0448,1yr,376,HOOS JR,97.6,48,45.7,53.3,49.1,0
C0141,P0352,preop,-17,HOOS JR,37.3,15,23.4,61.8,29.1,0
C0141,P0352,6wk,43,HOOS JR,69.2,30,36.9,45.2,41.2,1
C0141,P0352,3mo,78,HOOS JR,99.6,48,41,63.5,44.9,0
C0141,P0352,1yr,365,HOOS JR,100,42,71.1,46.8,72,0
C0142,P0019,preop,-14,HOOS JR,41.6,18,37.8,51.6,42,0
C0142,P0019,6wk,48,HOOS JR,56.8,28,36.6,47.5,41,1
C0142,P0019,3mo,80,HOOS JR,78.1,37,45.7,38.1,49.1,0
C0142,P0019,1yr,365,HOOS JR,79.9,39,41.3,75.7,45.1,0
C0143,P0300,preop,-14,KOOS JR,20,,19.6,51.9,25.6,0
C0143,P0300,6wk,39,KOOS JR,42.7,,34.9,59.6,39.4,1
C0143,P0300,3mo,,KOOS JR,,,,,,
C0143,P0300,1yr,372,KOOS JR,53.2,,48.9,53.6,52,0
C0144,P0014,preop,-8,HOOS JR,54.7,26,35.9,31.2,40.3,1
C0144,P0014,6wk,,HOOS JR,,,,,,
C0144,P0014,3mo,98,HOOS JR,64,29,43.4,57,47.1,0
C0144,P0014,1yr,346,HOOS JR,80.2,40,34.8,43.2,39.3,0
C0145,P0150,preop,-15,KOOS JR,52.9,,42.9,63.1,46.6,0
C0145,P0150,6wk,37,KOOS JR,61.3,,28.6,67.4,33.8,0
C0145,P0150,3mo,90,KOOS JR,88.3,,31.7,54,36.5,0
C0145,P0150,1yr,376,KOOS JR,78,,46.1,54.6,49.5,0
C0146,P0012,preop,-18,KOOS JR,36.6,,34.2,50.1,38.8,1
C0146,P0012,6wk,42,KOOS JR,47.4,,25.7,48.3,31.2,1
C0146,P0012,3mo,,KOOS JR,,,,,,
C0146,P0012,1yr,377,KOOS JR,66.2,,40.7,49.1,44.6,0
C0147,P0109,preop,-6,KOOS JR,52.3,,35.4,49.4,39.9,0
C0147,P0109,6wk,44,KOOS JR,63,,40.5,57,44.5,0
C0147,P0109,3mo,90,KOOS JR,60.8,,39.3,48.1,43.3,0
C0147,P0109,1yr,365,KOOS JR,75.4,,51.2,49.9,54.1,0
C0148,P0382,preop,-14,KOOS JR,42.1,,31.5,42.6,36.3,0
C0148,P0382,6wk,41,KOOS JR,52.5,,26.9,58.6,32.2,1
C0148,P0382,3mo,90,KOOS JR,70.6,,32.8,50.4,37.5,0
C0148,P0382,1yr,343,KOOS JR,80.6,,47.6,52.5,50.8,0
C0149,P0365,preop,-14,KOOS JR,34,,24.3,42.4,29.9,0
C0149,P0365,6wk,40,KOOS JR,48,,35.7,55.9,40.1,1
C0149,P0365,3mo,91,KOOS JR,55.3,,29.8,62.2,34.8,0
C0149,P0365,1yr,380,KOOS JR,68.2,,44.5,60.2,48.1,0
C0150,P0132,preop,-7,HOOS JR,55.3,29,42.5,51.5,46.3,0
C0150,P0132,6wk,38,HOOS JR,80.1,39,27.6,55.3,32.8,1
C0150,P0132,3mo,,HOOS JR,,,,,,
C0150,P0132,1yr,342,HOOS JR,100,48,58.6,66.5,60.8,0
C0151,P0372,preop,-27,KOOS JR,50.8,,40.6,64.6,44.5,1
C0151,P0372,6wk,42,KOOS JR,73.8,,41.9,50.9,45.7,1
C0151,P0372,3mo,,KOOS JR,,,,,,
C0151,P0372,1yr,354,KOOS JR,85.3,,47.1,57.5,50.4,0
C0152,P0081,preop,-8,KOOS JR,60.6,,37.5,63.6,41.7,0
C0152,P0081,6wk,,KOOS JR,,,,,,
C0152,P0081,3mo,,KOOS JR,,,,,,
C0152,P0081,1yr,,KOOS JR,,,,,,
C0153,P0085,preop,-14,HOOS JR,39.7,19,25.1,34.7,30.6,0
C0153,P0085,6wk,41,HOOS JR,65.7,33,30.7,41.7,35.6,0
C0153,P0085,3mo,90,HOOS JR,91.5,44,47.5,47.3,50.7,1
C0153,P0085,1yr,343,HOOS JR,82.7,40,38.5,45.6,42.6,0
C0154,P0071,preop,-7,HOOS JR,34.4,9,34.6,54.2,39.1,1
C0154,P0071,6wk,36,HOOS JR,61.3,34,42.9,61.5,46.6,0
C0154,P0071,3mo,82,HOOS JR,73.2,31,48.2,62.7,51.4,0
C0154,P0071,1yr,365,HOOS JR,80.1,39,31.7,44.7,36.6,0
C0155,P0039,preop,-14,KOOS JR,41.7,,21.6,58.2,27.4,1
C0155,P0039,6wk,38,KOOS JR,55.5,,33.4,50.1,38.1,1
C0155,P0039,3mo,90,KOOS JR,52.4,,39.8,38.4,43.8,0
C0155,P0039,1yr,365,KOOS JR,77.8,,29.3,60.7,34.4,0
C0156,P0270,preop,-3,KOOS JR,68.6,,34.3,45.9,38.9,1
C0156,P0270,6wk,,KOOS JR,,,,,,
C0156,P0270,3mo,93,KOOS JR,72,,47,43.4,50.3,0
C0156,P0270,1yr,365,KOOS JR,90.8,,42,64.7,45.8,1
C0157,P0112,preop,-6,KOOS JR,41.2,,29.2,57.2,34.2,1
C0157,P0112,6wk,42,KOOS JR,82.5,,38,39,42.2,1
C0157,P0112,3mo,90,KOOS JR,75.4,,34.4,47.9,39,0
C0157,P0112,1yr,365,KOOS JR,97.9,,39.5,55.1,43.6,0
C0158,P0118,preop,-10,HOOS JR,29.2,14,23.1,55,28.8,0
C0158,P0118,6wk,40,HOOS JR,47.9,23,21.7,43.1,27.6,1
C0158,P0118,3mo,100,HOOS JR,55.5,27,45.8,53.6,49.3,1
C0158,P0118,1yr,,HOOS JR,,,,,,
C0159,P0113,preop,-19,HOOS JR,47.7,26,35.4,52.1,39.9,0
C0159,P0113,6wk,45,HOOS JR,60.6,26,35.5,58.4,40,0
C0159,P0113,3mo,84,HOOS JR,100,48,52.6,48.4,55.3,0
C0159,P0113,1yr,361,HOOS JR,100,45,47.4,46.1,50.6,0
C0160,P0135,preop,-10,KOOS JR,46.3,,38.8,60.1,43,1
C0160,P0135,6wk,42,KOOS JR,66.7,,37.9,37.3,42.1,1
C0160,P0135,3mo,,KOOS JR,,,,,,
C0160,P0135,1yr,365,KOOS JR,88.8,,41.6,69.6,45.5,0
C0161,P0224,preop,-14,KOOS JR,70.9,,38.5,43.5,42.7,0
C0161,P0224,6wk,48,KOOS JR,73.2,,37,58.3,41.3,0
C0161,P0224,3mo,,KOOS JR,,,,,,
C0161,P0224,1yr,388,KOOS JR,92.2,,47.3,42.2,50.6,1
C0162,P0017,preop,-14,KOOS JR,72.4,,35.2,50,39.7,1
C0162,P0017,6wk,37,KOOS JR,73.2,,34.3,55.6,38.9,1
C0162,P0017,3mo,90,KOOS JR,93.4,,46.5,78.3,49.9,1
C0162,P0017,1yr,,KOOS JR,,,,,,
C0163,P0386,preop,-14,HOOS JR,45.9,16,24.9,52.3,30.4,1
C0163,P0386,6wk,42,HOOS JR,70.6,33,43.7,59.3,47.3,0
C0163,P0386,3mo,95,HOOS JR,74,34,43.2,45.6,46.8,0
C0163,P0386,1yr,,HOOS JR,,,,,,
C0164,P0056,preop,-24,HOOS JR,38.2,19,36.7,63.1,41,1
C0164,P0056,6wk,48,HOOS JR,78.3,40,31.1,39.5,36,1
C0164,P0056,3mo,80,HOOS JR,71.2,36,40.4,60.4,44.4,1
C0164,P0056,1yr,338,HOOS JR,87.5,38,48.3,44,51.4,0
C0165,P0368,preop,-14,KOOS JR,62.5,,29.1,64.7,34.2,1
C0165,P0368,6wk,40,KOOS JR,72,,29.8,48.1,34.8,1
C0165,P0368,3mo,90,KOOS JR,84.6,,46.6,59.7,49.9,0
C0165,P0368,1yr,336,KOOS JR,85.8,,51.8,60,54.6,0
C0166,P0198,preop,-21,HOOS JR,56.4,23,25,53.7,30.5,0
C0166,P0198,6wk,,HOOS JR,,,,,,
C0166,P0198,3mo,98,HOOS JR,86.5,39,45.7,49.3,49.2,1
C0166,P0198,1yr,365,HOOS JR,92.6,43,49.6,57.1,52.7,0
C0167,P0126,preop,-5,HOOS JR,51.6,23,41.8,48.1,45.6,0
C0167,P0126,6wk,42,HOOS JR,84.3,40,36.4,54.9,40.7,1
C0167,P0126,3mo,102,HOOS JR,79.5,42,54,28.4,56.6,0
C0167,P0126,1yr,338,HOOS JR,92.2,43,45,49.3,48.5,0
C0168,P0440,preop,,KOOS JR,,,,,,
C0168,P0440,6wk,,KOOS JR,,,,,,
C0168,P0440,3mo,90,KOOS JR,60.4,,43.6,63.7,47.3,0
C0168,P0440,1yr,352,KOOS JR,90.8,,49.8,49.7,52.8,0
C0169,P0461,preop,-25,HOOS JR,44.6,17,32.2,41.8,37,0
C0169,P0461,6wk,48,HOOS JR,49.7,26,39,66.9,43.1,1
C0169,P0461,3mo,87,HOOS JR,56.1,25,29.9,55.6,34.9,0
C0169,P0461,1yr,362,HOOS JR,59.6,28,31.9,48.1,36.7,0
C0170,P0220,preop,-14,KOOS JR,56.9,,26.1,62.5,31.5,1
C0170,P0220,6wk,45,KOOS JR,55.6,,38.9,56.1,43,1
C0170,P0220,3mo,102,KOOS JR,75.2,,48.8,57.8,51.9,1
C0170,P0220,1yr,354,KOOS JR,67.1,,53.3,38.7,56,0
C0171,P0023,preop,-18,KOOS JR,53.8,,34.8,39.5,39.4,0
C0171,P0023,6wk,36,KOOS JR,53.3,,24,55.8,29.6,0
C0171,P0023,3mo,88,KOOS JR,88.5,,39.7,59.1,43.7,0
C0171,P0023,1yr,359,KOOS JR,70.5,,33.6,48.9,38.3,0
C0172,P0108,preop,-16,HOOS JR,48.3,19,43.4,48.7,47.1,1
C0172,P0108,6wk,42,HOOS JR,61.3,26,29.2,47.5,34.2,0
C0172,P0108,3mo,92,HOOS JR,70.6,31,39,48.1,43.1,0
C0172,P0108,1yr,,HOOS JR,,,,,,
C0173,P0384,preop,-24,HOOS JR,52,26,27.2,57.2,32.5,1
C0173,P0384,6wk,40,HOOS JR,60.6,28,27.6,47.7,32.8,0
C0173,P0384,3mo,85,HOOS JR,96.4,46,42.4,60.5,46.2,0
C0173,P0384,1yr,365,HOOS JR,100,48,60,45.6,62,0
C0174,P0295,preop,-19,KOOS JR,57,,30.7,38.1,35.6,1
C0174,P0295,6wk,44,KOOS JR,62.9,,39.9,53.9,43.9,0
C0174,P0295,3mo,78,KOOS JR,81.9,,39,49.7,43.1,0
C0174,P0295,1yr,365,KOOS JR,71.1,,46.3,57.7,49.7,0
C0175,P0434,preop,-13,HOOS JR,68.9,35,36.5,49.3,40.9,1
C0175,P0434,6wk,,HOOS JR,,,,,,
C0175,P0434,3mo,90,HOOS JR,100,48,49.3,52,52.4,0
C0175,P0434,1yr,378,HOOS JR,100,48,29.1,53.5,34.2,0
C0176,P0470,preop,-8,KOOS JR,40.4,,28.2,48.8,33.4,1
C0176,P0470,6wk,46,KOOS JR,61.4,,39.9,44.2,43.9,1
C0176,P0470,3mo,93,KOOS JR,57.4,,42,55.2,45.8,1
C0176,P0470,1yr,364,KOOS JR,74.9,,42.1,38.9,45.9,0
C0177,P0451,preop,-23,KOOS JR,54.6,,21.1,47.7,27,1
C0177,P0451,6wk,,KOOS JR,,,,,,
C0177,P0451,3mo,90,KOOS JR,71.7,,35.4,66.6,39.9,0
C0177,P0451,1yr,365,KOOS JR,64.2,,35.7,45.2,40.1,0
C0178,P0203,preop,-2,HOOS JR,47.9,27,30.2,43.2,35.2,1
C0178,P0203,6wk,43,HOOS JR,75.3,35,35.8,61.4,40.2,1
C0178,P0203,3mo,,HOOS JR,,,,,,
C0178,P0203,1yr,365,HOOS JR,89.3,42,47,61.1,50.3,0
C0179,P0400,preop,-5,HOOS JR,43,22,30.5,54.5,35.4,0
C0179,P0400,6wk,45,HOOS JR,77.9,40,41.2,42.5,45.1,1
C0179,P0400,3mo,90,HOOS JR,81.6,43,39.5,70,43.6,0
C0179,P0400,1yr,379,HOOS JR,79.2,35,39.7,56.5,43.7,0
C0180,P0246,preop,,KOOS JR,,,,,,
C0180,P0246,6wk,43,KOOS JR,82.7,,25.7,61.3,31.1,0
C0180,P0246,3mo,85,KOOS JR,80.4,,30.8,45.4,35.7,0
C0180,P0246,1yr,365,KOOS JR,87.7,,44.9,40.4,48.4,0
C0181,P0210,preop,-6,HOOS JR,37.1,17,28.7,52.6,33.9,1
C0181,P0210,6wk,47,HOOS JR,51.8,26,29.9,57.4,34.9,1
C0181,P0210,3mo,,HOOS JR,,,,,,
C0181,P0210,1yr,393,HOOS JR,89.1,41,50.4,58.8,53.4,0
C0182,P0232,preop,-19,KOOS JR,46.9,,25.9,61.5,31.3,0
C0182,P0232,6wk,42,KOOS JR,67.2,,33.1,58.5,37.8,0
C0182,P0232,3mo,78,KOOS JR,83.2,,45.9,58.4,49.4,0
C0182,P0232,1yr,352,KOOS JR,84.8,,50,53,53,0
C0183,P0254,preop,-5,HOOS JR,39.4,20,34.4,44,38.9,0
C0183,P0254,6wk,45,HOOS JR,72.6,37,38.7,46.7,42.8,1
C0183,P0254,3mo,79,HOOS JR,79.5,38,39.9,47,43.9,0
C0183,P0254,1yr,377,HOOS JR,100,48,31.5,52.3,36.4,0
C0184,P0391,preop,-14,KOOS JR,45.4,,22.3,54.5,28.1,0
C0184,P0391,6wk,42,KOOS JR,50.7,,29.1,26.4,34.2,0
C0184,P0391,3mo,79,KOOS JR,71.1,,36.2,52.4,40.6,0
C0184,P0391,1yr,349,KOOS JR,81.3,,36.3,57.5,40.7,1
C0185,P0083,preop,-14,HOOS JR,46.5,22,39.4,32.9,43.5,0
C0185,P0083,6wk,38,HOOS JR,76.6,40,40.6,42.9,44.6,0
C0185,P0083,3mo,90,HOOS JR,92.7,43,35,39.3,39.5,1
C0185,P0083,1yr,365,HOOS JR,95.7,48,60.5,61,62.4,0
C0186,P0094,preop,-2,KOOS JR,61.6,,41,50.5,44.9,0
C0186,P0094,6wk,42,KOOS JR,57.9,,38.8,57.6,42.9,1
C0186,P0094,3mo,,KOOS JR,,,,,,
C0186,P0094,1yr,365,KOOS JR,88.3,,43.1,50.9,46.8,0
C0187,P0129,preop,-14,KOOS JR,49.6,,19.7,49.8,25.7,1
C0187,P0129,6wk,39,KOOS JR,39.5,,24.2,54.4,29.8,0
C0187,P0129,3mo,90,KOOS JR,59.8,,36.8,41.6,41.1,1
C0187,P0129,1yr,392,KOOS JR,55.4,,42.9,46.2,46.6,0
C0188,P0455,preop,-14,HOOS JR,44.8,17,41.3,62.1,45.2,1
C0188,P0455,6wk,42,HOOS JR,74.6,36,35.1,52.6,39.6,0
C0188,P0455,3mo,80,HOOS JR,85.8,45,38,49,42.2,0
C0188,P0455,1yr,364,HOOS JR,97.5,48,42.6,49.2,46.3,0
C0189,P0417,preop,-26,HOOS JR,57.5,28,42.3,57.7,46.1,1
C0189,P0417,6wk,48,HOOS JR,74.4,38,38.6,46.5,42.8,1
C0189,P0417,3mo,,HOOS JR,,,,,,
C0189,P0417,1yr,365,HOOS JR,82.3,39,47.3,57.2,50.5,0
C0190,P0427,preop,-17,HOOS JR,31.5,15,32.6,61.8,37.3,0
C0190,P0427,6wk,39,HOOS JR,61.9,30,28.9,54.4,34,1
C0190,P0427,3mo,87,HOOS JR,81.6,39,49.8,47,52.8,0
C0190,P0427,1yr,360,HOOS JR,91.2,45,41.8,59.8,45.6,0
C0191,P0494,preop,-14,HOOS JR,29.9,12,21.2,49.2,27.1,1
C0191,P0494,6wk,42,HOOS JR,41.9,19,33,32.1,37.7,1
C0191,P0494,3mo,81,HOOS JR,48.1,24,35.2,62.3,39.7,1
C0191,P0494,1yr,354,HOOS JR,61,27,53.2,52.4,55.9,0
C0192,P0037,preop,-8,KOOS JR,44.8,,32,43,36.8,0
C0192,P0037,6wk,42,KOOS JR,64.7,,45.2,55.3,48.7,0
C0192,P0037,3mo,92,KOOS JR,70.4,,43.7,47.3,47.4,0
C0192,P0037,1yr,359,KOOS JR,66.1,,35.2,43.5,39.7,0
C0193,P0458,preop,-27,KOOS JR,47.2,,30.2,46.2,35.2,1
C0193,P0458,6wk,,KOOS JR,,,,,,
C0193,P0458,3mo,90,KOOS JR,61,,40.6,36.6,44.5,1
C0193,P0458,1yr,336,KOOS JR,53.7,,39.3,61.9,43.4,0
C0194,P0181,preop,-1,KOOS JR,53.9,,35.9,42,40.3,1
C0194,P0181,6wk,49,KOOS JR,73.3,,42.2,46.7,46,0
C0194,P0181,3mo,90,KOOS JR,62,,29.5,62.9,34.5,0
C0194,P0181,1yr,379,KOOS JR,94.8,,45.1,43.9,48.6,0
C0195,P0154,preop,-3,KOOS JR,21.1,,23.5,52.8,29.1,0
C0195,P0154,6wk,45,KOOS JR,35.2,,30.9,54.1,35.8,1
C0195,P0154,3mo,85,KOOS JR,46.7,,51.6,48.8,54.4,1
C0195,P0154,1yr,374,KOOS JR,37.4,,29.6,47,34.7,0
C0196,P0303,preop,-6,KOOS JR,58.4,,38.8,44.3,42.9,0
C0196,P0303,6wk,44,KOOS JR,50.8,,40,54.2,44,0
C0196,P0303,3mo,90,KOOS JR,87.9,,31.2,56.4,36.1,0
C0196,P0303,1yr,,KOOS JR,,,,,,
C0197,P0216,preop,-13,HOOS JR,52.8,28,26.5,40.8,31.8,1
C0197,P0216,6wk,35,HOOS JR,77.9,37,31.9,49.9,36.7,1
C0197,P0216,3mo,,HOOS JR,,,,,,
C0197,P0216,1yr,370,HOOS JR,100,48,54,50.9,56.6,0
C0198,P0505,preop,-11,KOOS JR,63.5,,29.7,43.3,34.7,1
C0198,P0505,6wk,41,KOOS JR,70.3,,37.7,32.5,42,0
C0198,P0505,3mo,,KOOS JR,,,,,,
C0198,P0505,1yr,,KOOS JR,,,,,,
C0199,P0323,preop,-21,KOOS JR,69.6,,31.5,54.2,36.4,0
C0199,P0323,6wk,,KOOS JR,,,,,,
C0199,P0323,3mo,90,KOOS JR,83.8,,42.1,49.4,45.9,0
C0199,P0323,1yr,,KOOS JR,,,,,,
C0200,P0379,preop,-1,HOOS JR,43.5,20,40.4,55.2,44.4,0
C0200,P0379,6wk,44,HOOS JR,100,48,38.8,69.9,42.9,1
C0200,P0379,3mo,90,HOOS JR,88.1,45,50.8,48.4,53.7,1
C0200,P0379,1yr,,HOOS JR,,,,,,
C0201,P0311,preop,-14,KOOS JR,31.5,,36.7,31.2,41,0
C0201,P0311,6wk,42,KOOS JR,58.8,,38.7,49.1,42.8,0
C0201,P0311,3mo,,KOOS JR,,,,,,
C0201,P0311,1yr,381,KOOS JR,84,,28.6,47.2,33.7,0
C0202,P0454,preop,-4,KOOS JR,55.5,,40.5,41,44.4,1
C0202,P0454,6wk,36,KOOS JR,60.7,,31.8,42.3,36.6,1
C0202,P0454,3mo,88,KOOS JR,75.2,,27.1,48.3,32.4,1
C0202,P0454,1yr,,KOOS JR,,,,,,
C0203,P0330,preop,-8,KOOS JR,49.9,,22.2,50.2,28,1
C0203,P0330,6wk,42,KOOS JR,61.5,,37.4,58.4,41.7,0
C0203,P0330,3mo,86,KOOS JR,65.4,,49.6,66.1,52.6,0
C0203,P0330,1yr,359,KOOS JR,75.8,,45.6,58.3,49,0
C0204,P0084,preop,-16,HOOS JR,61.6,27,35.1,39.6,39.6,0
C0204,P0084,6wk,,HOOS JR,,,,,,
C0204,P0084,3mo,,HOOS JR,,,,,,
C0204,P0084,1yr,,HOOS JR,,,,,,
C0205,P0047,preop,-14,HOOS JR,29.8,13,30.9,58.1,35.8,1
C0205,P0047,6wk,45,HOOS JR,49.9,19,37,53.1,41.3,0
C0205,P0047,3mo,94,HOOS JR,66.2,32,41.2,40.8,45.1,0
C0205,P0047,1yr,,HOOS JR,,,,,,
C0206,P0248,preop,-3,KOOS JR,51.1,,35.5,41.7,40,0
C0206,P0248,6wk,41,KOOS JR,55.9,,35.1,48.3,39.6,1
C0206,P0248,3mo,100,KOOS JR,69,,47.5,53.2,50.8,0
C0206,P0248,1yr,,KOOS JR,,,,,,
C0207,P0321,preop,-12,HOOS JR,42.7,20,32,46.3,36.8,0
C0207,P0321,6wk,42,HOOS JR,68,36,26.8,48.5,32.1,0
C0207,P0321,3mo,90,HOOS JR,84.4,44,31.3,40.7,36.2,0
C0207,P0321,1yr,352,HOOS JR,100,48,52.5,55.5,55.3,0
C0208,P0159,preop,-14,KOOS JR,83.7,,31.2,47.6,36,0
C0208,P0159,6wk,47,KOOS JR,83.8,,31.1,59.8,36,1
C0208,P0159,3mo,83,KOOS JR,100,,39.9,60.1,43.9,0
C0208,P0159,1yr,365,KOOS JR,100,,50.5,34.5,53.4,0
C0209,P0163,preop,-20,HOOS JR,23.9,15,25.1,66.3,30.6,0
C0209,P0163,6wk,42,HOOS JR,55.5,26,30.6,47.7,35.6,1
C0209,P0163,3mo,,HOOS JR,,,,,,
C0209,P0163,1yr,380,HOOS JR,75.9,32,44.3,48.6,47.9,0
C0210,P0128,preop,-23,HOOS JR,56.2,26,31.8,53.4,36.6,0
C0210,P0128,6wk,41,HOOS JR,75.9,37,36.8,66.6,41.1,1
C0210,P0128,3mo,96,HOOS JR,85.9,38,40.8,65.2,44.7,0
C0210,P0128,1yr,352,HOOS JR,100,48,54.8,41.1,57.3,0
C0211,P0238,preop,-14,KOOS JR,64.5,,39.1,40.4,43.2,0
C0211,P0238,6wk,42,KOOS JR,72.2,,39.4,50.2,43.5,0
C0211,P0238,3mo,77,KOOS JR,71.7,,45,53.9,48.5,0
C0211,P0238,1yr,,KOOS JR,,,,,,
C0212,P0058,preop,-14,KOOS JR,42.5,,32.1,54,36.9,0
C0212,P0058,6wk,37,KOOS JR,55,,31.4,51.6,36.3,0
C0212,P0058,3mo,90,KOOS JR,59.2,,37.3,54.3,41.6,0
C0212,P0058,1yr,365,KOOS JR,83.8,,39.7,60.6,43.7,0
C0213,P0165,preop,-21,KOOS JR,44.4,,42.8,60.5,46.5,1
C0213,P0165,6wk,40,KOOS JR,69.8,,36.3,52.6,40.7,1
C0213,P0165,3mo,87,KOOS JR,96,,38.5,42.6,42.6,0
C0213,P0165,1yr,336,KOOS JR,100,,44.5,49.9,48.1,0
C0214,P0221,preop,-7,HOOS JR,39.3,23,25,66.3,30.5,0
C0214,P0221,6wk,43,HOOS JR,63.2,28,34,47.2,38.6,1
C0214,P0221,3mo,,HOOS JR,,,,,,
C0214,P0221,1yr,365,HOOS JR,86.8,42,34.9,49.1,39.4,0
C0215,P0121,preop,-22,KOOS JR,50.3,,31.2,47.1,36.1,0
C0215,P0121,6wk,35,KOOS JR,76.3,,43.4,48.7,47.1,0
C0215,P0121,3mo,77,KOOS JR,72.7,,35.7,46.5,40.2,1
C0215,P0121,1yr,367,KOOS JR,71.7,,50,36,53,0
C0216,P0011,preop,-14,KOOS JR,57.9,,30.5,44.8,35.4,1
C0216,P0011,6wk,44,KOOS JR,60.8,,39.5,53.2,43.6,1
C0216,P0011,3mo,100,KOOS JR,100,,39.3,50.8,43.3,0
C0216,P0011,1yr,373,KOOS JR,100,,67,36.6,68.3,0
C0217,P0308,preop,-16,KOOS JR,42.3,,29.7,64.8,34.8,1
C0217,P0308,6wk,42,KOOS JR,59.8,,29.4,40.3,34.5,1
C0217,P0308,3mo,98,KOOS JR,68.3,,37.1,66.2,41.4,1
C0217,P0308,1yr,354,KOOS JR,61.5,,43,54.4,46.7,0
C0218,P0431,preop,-25,KOOS JR,40.8,,27.5,48.1,32.7,0
C0218,P0431,6wk,42,KOOS JR,73.8,,42.6,63.8,46.3,1
C0218,P0431,3mo,96,KOOS JR,74.2,,32.8,54.4,37.6,1
C0218,P0431,1yr,365,KOOS JR,73.6,,35.3,62.3,39.8,0
C0219,P0439,preop,-13,HOOS JR,76.1,32,37.4,57.2,41.7,1
C0219,P0439,6wk,35,HOOS JR,84.1,36,45.6,47.4,49,1
C0219,P0439,3mo,90,HOOS JR,87.9,41,46,51.1,49.4,1
C0219,P0439,1yr,365,HOOS JR,94.8,46,47.5,42.1,50.7,1
C0220,P0191,preop,-14,KOOS JR,48.5,,31.2,43.6,36,1
C0220,P0191,6wk,42,KOOS JR,55.7,,29.1,58.3,34.2,1
C0220,P0191,3mo,,KOOS JR,,,,,,
C0220,P0191,1yr,382,KOOS JR,84.4,,45.3,57.8,48.8,0
C0221,P0120,preop,-25,HOOS JR,43.2,22,41.1,43.7,45,1
C0221,P0120,6wk,42,HOOS JR,50,22,31.6,49.6,36.4,1
C0221,P0120,3mo,81,HOOS JR,64.1,30,36.2,44,40.6,1
C0221,P0120,1yr,365,HOOS JR,75.7,34,42.3,55.8,46.1,1
C0222,P0511,preop,-6,HOOS JR,48.7,30,38.1,51.1,42.3,0
C0222,P0511,6wk,,HOOS JR,,,,,,
C0222,P0511,3mo,78,HOOS JR,70.6,32,39.5,47,43.6,0
C0222,P0511,1yr,373,HOOS JR,86.4,42,56.5,51.9,58.8,0
C0223,P0179,preop,-23,KOOS JR,46.5,,31.6,46.3,36.4,0
C0223,P0179,6wk,38,KOOS JR,46.8,,27.5,59.4,32.7,0
C0223,P0179,3mo,87,KOOS JR,67.6,,41.1,61.7,45,0
C0223,P0179,1yr,372,KOOS JR,89.3,,45.4,42.6,48.9,0
C0224,P0380,preop,-4,KOOS JR,56.2,,35.2,59.1,39.7,0
C0224,P0380,6wk,42,KOOS JR,91.5,,41.8,56.6,45.6,1
C0224,P0380,3mo,90,KOOS JR,79.8,,43.1,50.1,46.8,1
C0224,P0380,1yr,346,KOOS JR,100,,53,40.3,55.7,0
C0225,P0462,preop,-13,HOOS JR,27,12,25,53.6,30.5,1
C0225,P0462,6wk,42,HOOS JR,69.1,26,27.3,36.9,32.5,1
C0225,P0462,3mo,104,HOOS JR,95.3,47,43,38.2,46.7,0
C0225,P0462,1yr,,HOOS JR,,,,,,
C0226,P0033,preop,-20,HOOS JR,54.2,24,33.2,51.8,37.9,0
C0226,P0033,6wk,49,HOOS JR,64.6,34,37.8,62.9,42.1,0
C0226,P0033,3mo,,HOOS JR,,,,,,
C0226,P0033,1yr,365,HOOS JR,93.3,46,45,41.9,48.5,0
C0227,P0423,preop,-16,HOOS JR,72.3,35,43.1,38.5,46.8,0
C0227,P0423,6wk,39,HOOS JR,86.9,43,34.1,52.7,38.7,1
C0227,P0423,3mo,,HOOS JR,,,,,,
C0227,P0423,1yr,343,HOOS JR,100,48,56.3,45.6,58.7,0
C0228,P0401,preop,-14,HOOS JR,36.8,17,28.3,47.5,33.5,1
C0228,P0401,6wk,,HOOS JR,,,,,,
C0228,P0401,3mo,90,HOOS JR,90.1,47,45.9,55.2,49.3,1
C0228,P0401,1yr,348,HOOS JR,68.9,34,44.2,59.3,47.8,0
C0229,P0331,preop,-14,HOOS JR,36.7,20,35.1,45.4,39.6,0
C0229,P0331,6wk,41,HOOS JR,81.4,40,35.1,35.6,39.6,0
C0229,P0331,3mo,90,HOOS JR,78.3,34,42,47.2,45.8,0
C0229,P0331,1yr,365,HOOS JR,76.3,44,49.5,54.7,52.5,0
C0230,P0061,preop,-20,KOOS JR,64.4,,35.2,45.8,39.7,0
C0230,P0061,6wk,36,KOOS JR,69.5,,42.9,45.5,46.6,0
C0230,P0061,3mo,90,KOOS JR,76.3,,46.9,53.5,50.2,0
C0230,P0061,1yr,383,KOOS JR,89.7,,44.3,64.5,47.9,0
C0231,P0478,preop,,KOOS JR,,,,,,
C0231,P0478,6wk,38,KOOS JR,72.1,,34.5,42.1,39.1,1
C0231,P0478,3mo,90,KOOS JR,76,,47.5,54.6,50.8,1
C0231,P0478,1yr,375,KOOS JR,76.1,,33.8,42.4,38.4,0
C0232,P0237,preop,-17,HOOS JR,54.1,21,32.7,48.5,37.4,0
C0232,P0237,6wk,42,HOOS JR,57.2,30,28.7,46.1,33.8,0
C0232,P0237,3mo,90,HOOS JR,79.9,38,33,64.5,37.7,1
C0232,P0237,1yr,365,HOOS JR,85.2,42,53.5,60,56.2,0
C0233,P0239,preop,-22,KOOS JR,44.2,,31.9,50.6,36.7,1
C0233,P0239,6wk,,KOOS JR,,,,,,
C0233,P0239,3mo,87,KOOS JR,60.7,,42.4,42.5,46.2,1
C0233,P0239,1yr,,KOOS JR,,,,,,
C0234,P0162,preop,-6,KOOS JR,34.3,,25,44.3,30.5,0
C0234,P0162,6wk,42,KOOS JR,53.9,,34,65.7,38.6,1
C0234,P0162,3mo,99,KOOS JR,78,,31.5,45.1,36.3,0
C0234,P0162,1yr,364,KOOS JR,65.9,,46.4,38.8,49.8,1
C0235,P0158,preop,-13,HOOS JR,41.3,24,34.5,44.5,39.1,0
C0235,P0158,6wk,49,HOOS JR,67.4,30,27.9,55.6,33.1,1
C0235,P0158,3mo,90,HOOS JR,65.8,28,34.9,54.7,39.4,0
C0235,P0158,1yr,356,HOOS JR,87.1,43,43.1,41,46.8,1
C0236,P0420,preop,-10,KOOS JR,53.4,,41.4,50.9,45.3,0
C0236,P0420,6wk,42,KOOS JR,57.4,,38,60.5,42.2,0
C0236,P0420,3mo,78,KOOS JR,87.3,,51.1,33.8,54,0
C0236,P0420,1yr,365,KOOS JR,80.3,,42.3,46.3,46.1,0
C0237,P0187,preop,-14,KOOS JR,51.4,,34.1,41.5,38.7,0
C0237,P0187,6wk,37,KOOS JR,65.9,,36.3,42.3,40.7,1
C0237,P0187,3mo,82,KOOS JR,82.1,,38.1,56.6,42.3,0
C0237,P0187,1yr,348,KOOS JR,86,,51.6,60.6,54.5,0
C0238,P0181,preop,-25,KOOS JR,50.7,,32,55.4,36.8,1
C0238,P0181,6wk,47,KOOS JR,62.6,,29,54.7,34.1,1
C0238,P0181,3mo,90,KOOS JR,69.2,,46.8,61.6,50.1,0
C0238,P0181,1yr,361,KOOS JR,97.2,,54.8,52.8,57.3,0
C0239,P0034,preop,,HOOS JR,,,,,,
C0239,P0034,6wk,40,HOOS JR,62,30,44.4,54.9,48,0
C0239,P0034,3mo,99,HOOS JR,75.3,36,31.9,50.3,36.7,1
C0239,P0034,1yr,391,HOOS JR,89,44,50.7,41.5,53.7,0
C0240,P0399,preop,-15,KOOS JR,63.8,,26.7,32,32,1
C0240,P0399,6wk,46,KOOS JR,66.2,,34.5,52,39.1,1
C0240,P0399,3mo,90,KOOS JR,63.7,,44.4,57.1,48,0
C0240,P0399,1yr,365,KOOS JR,99.5,,37.5,55.3,41.7,0
C0241,P0062,preop,-25,HOOS JR,40.5,19,27.4,50.2,32.7,1
C0241,P0062,6wk,46,HOOS JR,64.5,33,29.4,41.6,34.5,1
C0241,P0062,3mo,90,HOOS JR,74,40,38.1,49.3,42.3,0
C0241,P0062,1yr,365,HOOS JR,82.5,42,40,39.6,44,0
C0242,P0207,preop,-16,HOOS JR,59.9,29,38.9,42.5,43,0
C0242,P0207,6wk,40,HOOS JR,67.2,31,28.9,54.6,34,1
C0242,P0207,3mo,87,HOOS JR,73.9,38,40,61.7,44,0
C0242,P0207,1yr,365,HOOS JR,83.7,37,35.8,58.8,40.2,0
C0243,P0143,preop,,KOOS JR,,,,,,
C0243,P0143,6wk,45,KOOS JR,35,,23.4,61.5,29.1,0
C0243,P0143,3mo,79,KOOS JR,46.9,,41,56,44.9,0
C0243,P0143,1yr,376,KOOS JR,66.5,,42.7,65.6,46.5,1
C0244,P0398,preop,-6,HOOS JR,52.9,26,38.9,44.7,43,0
C0244,P0398,6wk,,HOOS JR,,,,,,
C0244,P0398,3mo,99,HOOS JR,92.8,45,30.8,58.5,35.7,1
C0244,P0398,1yr,385,HOOS JR,97.3,47,49,60.6,52.1,1
C0245,P0511,preop,-18,HOOS JR,55.8,26,31.6,40.7,36.5,0
C0245,P0511,6wk,42,HOOS JR,76.7,38,39.5,49.1,43.6,0
C0245,P0511,3mo,94,HOOS JR,65.4,33,30.9,59.1,35.8,1
C0245,P0511,1yr,,HOOS JR,,,,,,
C0246,P0074,preop,-25,HOOS JR,44.1,19,30.2,53.7,35.2,0
C0246,P0074,6wk,,HOOS JR,,,,,,
C0246,P0074,3mo,87,HOOS JR,89.8,41,29.5,57.3,34.5,0
C0246,P0074,1yr,,HOOS JR,,,,,,
C0247,P0370,preop,-14,HOOS JR,32.9,22,32.6,53.8,37.4,1
C0247,P0370,6wk,43,HOOS JR,66.6,34,41.3,59.5,45.2,0
C0247,P0370,3mo,95,HOOS JR,72.6,37,50.4,62.3,53.4,0
C0247,P0370,1yr,,HOOS JR,,,,,,
C0248,P0426,preop,-5,KOOS JR,51.7,,27.6,51.4,32.9,0
C0248,P0426,6wk,45,KOOS JR,78.7,,47.1,57,50.3,0
C0248,P0426,3mo,89,KOOS JR,77.7,,49.1,51,52.2,1
C0248,P0426,1yr,,KOOS JR,,,,,,
C0249,P0196,preop,-14,KOOS JR,31.6,,28.7,50.6,33.8,0
C0249,P0196,6wk,40,KOOS JR,55.3,,41,63.7,44.9,1
C0249,P0196,3mo,79,KOOS JR,67.5,,29.7,52.6,34.8,1
C0249,P0196,1yr,361,KOOS JR,90.9,,53.9,34.7,56.5,0
C0250,P0482,preop,-23,HOOS JR,43.4,22,27.2,43.8,32.5,0
C0250,P0482,6wk,37,HOOS JR,61.6,30,28.2,50.5,33.4,1
C0250,P0482,3mo,90,HOOS JR,65,28,41.9,62.6,45.7,1
C0250,P0482,1yr,338,HOOS JR,84.1,38,42.7,43.5,46.5,1
C0251,P0515,preop,-13,HOOS JR,39.8,20,32.9,53.5,37.6,0
C0251,P0515,6wk,,HOOS JR,,,,,,
C0251,P0515,3mo,90,HOOS JR,89.6,40,52.1,40.9,54.9,0
C0251,P0515,1yr,365,HOOS JR,90.5,41,37.6,50.8,41.8,0
C0252,P0027,preop,-6,HOOS JR,23.8,8,31.3,50.8,36.1,0
C0252,P0027,6wk,44,HOOS JR,65.2,34,33.3,42,38,0
C0252,P0027,3mo,,HOOS JR,,,,,,
C0252,P0027,1yr,369,HOOS JR,89.4,42,50.1,45.9,53.1,0
C0253,P0135,preop,-15,KOOS JR,63.1,,33.7,43,38.4,0
C0253,P0135,6wk,42,KOOS JR,75,,30.5,57.1,35.4,1
C0253,P0135,3mo,90,KOOS JR,86.2,,45,60.6,48.5,1
C0253,P0135,1yr,354,KOOS JR,99.8,,47.4,44.1,50.6,0
C0254,P0176,preop,-5,KOOS JR,37.1,,28.8,52.1,33.9,0
C0254,P0176,6wk,37,KOOS JR,62.7,,42.4,51.2,46.2,1
C0254,P0176,3mo,90,KOOS JR,77.9,,49.1,64.5,52.2,0
C0254,P0176,1yr,365,KOOS JR,84.5,,44.1,57,47.7,0
C0255,P0229,preop,-21,KOOS JR,55.3,,28,53.2,33.2,0
C0255,P0229,6wk,37,KOOS JR,70.6,,34.2,41.5,38.8,1
C0255,P0229,3mo,99,KOOS JR,60.2,,43.9,49.9,47.5,0
C0255,P0229,1yr,365,KOOS JR,84,,43.5,60.7,47.1,0
C0256,P0058,preop,-5,KOOS JR,52.5,,31.4,49.4,36.3,0
C0256,P0058,6wk,42,KOOS JR,70.3,,52.5,51.5,55.3,1
C0256,P0058,3mo,99,KOOS JR,91.7,,49.1,57.4,52.1,0
C0256,P0058,1yr,348,KOOS JR,100,,51.3,33.9,54.1,0
C0257,P0329,preop,-20,HOOS JR,40.7,19,31.9,48.3,36.7,0
C0257,P0329,6wk,40,HOOS JR,57.6,26,28.2,28,33.4,1
C0257,P0329,3mo,,HOOS JR,,,,,,
C0257,P0329,1yr,373,HOOS JR,88.5,43,39,52.7,43.1,0
C0258,P0165,preop,-26,KOOS JR,55.4,,34.4,52.9,39,0
C0258,P0165,6wk,42,KOOS JR,70.5,,36.7,44.8,41,0
C0258,P0165,3mo,90,KOOS JR,90.2,,36.9,55.9,41.2,0
C0258,P0165,1yr,350,KOOS JR,91.3,,37.2,62.3,41.5,0
C0259,P0236,preop,-18,HOOS JR,44.4,18,30.3,53.8,35.2,1
C0259,P0236,6wk,42,HOOS JR,72.5,32,32.5,56.7,37.3,0
C0259,P0236,3mo,81,HOOS JR,59.2,29,49.1,54.1,52.2,0
C0259,P0236,1yr,365,HOOS JR,70.8,38,40.5,40,44.4,0
C0260,P0294,preop,-14,KOOS JR,36.5,,24.3,56.6,29.9,0
C0260,P0294,6wk,49,KOOS JR,57.4,,26.8,51.3,32.1,1
C0260,P0294,3mo,84,KOOS JR,69.4,,26.1,55.9,31.5,0
C0260,P0294,1yr,365,KOOS JR,91.4,,41.3,61.1,45.1,0
C0261,P0391,preop,-14,KOOS JR,47.1,,35.6,47.8,40,0
C0261,P0391,6wk,47,KOOS JR,65.1,,31.6,50.6,36.4,1
C0261,P0391,3mo,91,KOOS JR,63.4,,37,41.4,41.3,1
C0261,P0391,1yr,,KOOS JR,,,,,,
C0262,P0418,preop,-23,KOOS JR,74,,36.4,61.8,40.7,0
C0262,P0418,6wk,43,KOOS JR,66.3,,30.2,70,35.2,0
C0262,P0418,3mo,93,KOOS JR,77.5,,40.6,35.1,44.6,0
C0262,P0418,1yr,348,KOOS JR,100,,38,57.7,42.2,1
C0263,P0326,preop,-4,KOOS JR,61.2,,28.6,45.2,33.7,0
C0263,P0326,6wk,42,KOOS JR,53.8,,33.7,43.9,38.3,1
C0263,P0326,3mo,90,KOOS JR,75.1,,47.1,50.9,50.4,0
C0263,P0326,1yr,388,KOOS JR,92.7,,37.3,54.9,41.6,0
C0264,P0053,preop,-10,HOOS JR,52,28,33,24.1,37.7,1
C0264,P0053,6wk,49,HOOS JR,67.3,32,43.1,58.4,46.8,0
C0264,P0053,3mo,90,HOOS JR,78.9,42,39.8,53.8,43.9,1
C0264,P0053,1yr,,HOOS JR,,,,,,
C0265,P0494,preop,-14,HOOS JR,40.6,24,31.4,42.2,36.2,0
C0265,P0494,6wk,43,HOOS JR,67.2,32,38,57.3,42.2,1
C0265,P0494,3mo,98,HOOS JR,71.3,39,36.5,41.5,40.8,0
C0265,P0494,1yr,365,HOOS JR,66.8,30,45.8,58.7,49.2,0
C0266,P0319,preop,-6,HOOS JR,26.2,13,16.6,58.7,23,1
C0266,P0319,6wk,38,HOOS JR,58.5,27,35.5,56.2,39.9,0
C0266,P0319,3mo,90,HOOS JR,84.3,35,51,65,53.9,0
C0266,P0319,1yr,,HOOS JR,,,,,,
C0267,P0093,preop,-14,KOOS JR,53.7,,37.1,38.6,41.4,0
C0267,P0093,6wk,42,KOOS JR,67.9,,36.8,36,41.2,1
C0267,P0093,3mo,,KOOS JR,,,,,,
C0267,P0093,1yr,393,KOOS JR,87.2,,43.2,49.5,46.9,0
C0268,P0033,preop,-26,HOOS JR,44,19,28.1,62.8,33.3,1
C0268,P0033,6wk,40,HOOS JR,74.1,35,33,46.1,37.7,1
C0268,P0033,3mo,92,HOOS JR,85.9,38,34.7,65.8,39.2,0
C0268,P0033,1yr,363,HOOS JR,97,48,36.6,56.5,40.9,0
C0269,P0369,preop,-14,HOOS JR,26.8,10,28.7,63.4,33.8,0
C0269,P0369,6wk,43,HOOS JR,55.8,27,33.1,36.5,37.8,1
C0269,P0369,3mo,76,HOOS JR,63.8,25,41.5,45.1,45.4,0
C0269,P0369,1yr,360,HOOS JR,82.6,39,31.7,45,36.5,0
C0270,P0199,preop,-3,HOOS JR,64.1,37,22.2,50.2,28,0
C0270,P0199,6wk,42,HOOS JR,86.3,46,35.4,36.9,39.8,1
C0270,P0199,3mo,,HOOS JR,,,,,,
C0270,P0199,1yr,391,HOOS JR,100,48,41.2,43.8,45.1,0
C0271,P0286,preop,-14,KOOS JR,69.5,,32.7,57.7,37.4,1
C0271,P0286,6wk,38,KOOS JR,71.3,,33.5,51.9,38.2,1
C0271,P0286,3mo,92,KOOS JR,89.3,,43,69.2,46.7,0
C0271,P0286,1yr,,KOOS JR,,,,,,
C0272,P0026,preop,-22,KOOS JR,44.2,,25.5,57.2,30.9,1
C0272,P0026,6wk,42,KOOS JR,48.2,,27.5,52.4,32.8,0
C0272,P0026,3mo,85,KOOS JR,60.2,,58.2,53.7,60.4,0
C0272,P0026,1yr,365,KOOS JR,74.8,,44.2,61.1,47.8,0
C0273,P0076,preop,-14,HOOS JR,37,16,29.6,59.2,34.6,1
C0273,P0076,6wk,44,HOOS JR,66.9,36,37.1,30,41.4,0
C0273,P0076,3mo,90,HOOS JR,97,46,33.9,43.1,38.5,0
C0273,P0076,1yr,336,HOOS JR,100,45,54.3,47.8,56.9,0
C0274,P0137,preop,-4,KOOS JR,61.6,,28.3,53,33.5,0
C0274,P0137,6wk,49,KOOS JR,58.3,,31.3,58.9,36.2,1
C0274,P0137,3mo,97,KOOS JR,81.2,,36,51.1,40.4,0
C0274,P0137,1yr,365,KOOS JR,83.8,,43.8,58,47.4,0
C0275,P0192,preop,-2,HOOS JR,36.5,15,31.6,60.3,36.4,0
C0275,P0192,6wk,36,HOOS JR,70.2,35,44,40.5,47.6,1
C0275,P0192,3mo,90,HOOS JR,85.9,43,43.9,49.9,47.5,0
C0275,P0192,1yr,361,HOOS JR,81.3,33,46,62.1,49.4,1
C0276,P0356,preop,-14,KOOS JR,59,,31,42.8,35.9,1
C0276,P0356,6wk,42,KOOS JR,76,,44.2,46.6,47.8,0
C0276,P0356,3mo,,KOOS JR,,,,,,
C0276,P0356,1yr,365,KOOS JR,82,,48.3,58.7,51.5,0
C0277,P0115,preop,-24,KOOS JR,52.6,,40.3,53.4,44.3,1
C0277,P0115,6wk,,KOOS JR,,,,,,
C0277,P0115,3mo,78,KOOS JR,91.1,,59.2,62.3,61.3,0
C0277,P0115,1yr,,KOOS JR,,,,,,
C0278,P0063,preop,-14,KOOS JR,37.8,,31.8,50.3,36.6,0
C0278,P0063,6wk,43,KOOS JR,50.1,,27.5,51.3,32.7,1
C0278,P0063,3mo,87,KOOS JR,64.6,,39.8,45.7,43.8,1
C0278,P0063,1yr,,KOOS JR,,,,,,
C0279,P0388,preop,-2,HOOS JR,28.3,12,22.1,55,27.9,1
C0279,P0388,6wk,44,HOOS JR,71,37,33.4,36.2,38,0
C0279,P0388,3mo,,HOOS JR,,,,,,
C0279,P0388,1yr,366,HOOS JR,75.7,36,40.9,44.6,44.8,0
C0280,P0314,preop,-25,KOOS JR,41.3,,34.4,48.8,39,0
C0280,P0314,6wk,48,KOOS JR,64.1,,34.2,49.2,38.8,0
C0280,P0314,3mo,90,KOOS JR,59.1,,44.2,41.3,47.8,1
C0280,P0314,1yr,,KOOS JR,,,,,,
C0281,P0517,preop,-3,KOOS JR,52.2,,38.9,45.4,43,0
C0281,P0517,6wk,,KOOS JR,,,,,,
C0281,P0517,3mo,,KOOS JR,,,,,,
C0281,P0517,1yr,361,KOOS JR,60.8,,51.2,65.2,54.1,0
C0282,P0260,preop,-7,KOOS JR,53.2,,31.9,35.5,36.7,0
C0282,P0260,6wk,44,KOOS JR,64.7,,37,57.1,41.3,0
C0282,P0260,3mo,90,KOOS JR,72.8,,42.7,67.3,46.4,0
C0282,P0260,1yr,380,KOOS JR,92.8,,47.6,54.4,50.9,0
C0283,P0040,preop,-3,HOOS JR,42.6,20,25.8,48.3,31.2,1
C0283,P0040,6wk,42,HOOS JR,48.8,23,35,58.9,39.5,1
C0283,P0040,3mo,101,HOOS JR,49,27,33.3,42,38,0
C0283,P0040,1yr,,HOOS JR,,,,,,
C0284,P0202,preop,-14,HOOS JR,54.5,30,27.4,36.6,32.7,0
C0284,P0202,6wk,42,HOOS JR,69.1,35,36.4,51.8,40.8,0
C0284,P0202,3mo,99,HOOS JR,100,46,33.9,57.8,38.5,1
C0284,P0202,1yr,,HOOS JR,,,,,,
C0285,P0028,preop,-23,KOOS JR,33.4,,31.3,54,36.2,0
C0285,P0028,6wk,46,KOOS JR,49,,45.1,70.1,48.6,1
C0285,P0028,3mo,79,KOOS JR,70.4,,42.9,62,46.6,0
C0285,P0028,1yr,365,KOOS JR,89.9,,50.2,55.5,53.2,0
C0286,P0332,preop,-24,KOOS JR,34.8,,39.5,68.4,43.5,0
C0286,P0332,6wk,35,KOOS JR,42.6,,38.4,60.2,42.6,0
C0286,P0332,3mo,99,KOOS JR,58.3,,38.4,47.8,42.6,0
C0286,P0332,1yr,341,KOOS JR,65.5,,39.8,49,43.8,0
C0287,P0257,preop,,KOOS JR,,,,,,
C0287,P0257,6wk,49,KOOS JR,79.6,,33.8,51.2,38.4,0
C0287,P0257,3mo,83,KOOS JR,67.6,,33.9,46.5,38.5,1
C0287,P0257,1yr,385,KOOS JR,99.7,,50.1,39.4,53.1,0
C0288,P0390,preop,-5,HOOS JR,31.7,12,39.6,48.7,43.6,0
C0288,P0390,6wk,42,HOOS JR,46.8,23,33.7,41.4,38.4,1
C0288,P0390,3mo,95,HOOS JR,53.4,23,43.7,43.8,47.3,0
C0288,P0390,1yr,365,HOOS JR,84.4,44,38.6,61.1,42.7,0
C0289,P0421,preop,-14,HOOS JR,42.4,23,23.8,36.2,29.4,0
C0289,P0421,6wk,37,HOOS JR,62.2,33,31.1,47.2,36,0
C0289,P0421,3mo,90,HOOS JR,94.2,40,34.5,58.2,39.1,0
C0289,P0421,1yr,347,HOOS JR,89.7,39,52.6,46.7,55.3,0
C0290,P0427,preop,-3,HOOS JR,45.2,19,30.8,48.1,35.7,1
C0290,P0427,6wk,42,HOOS JR,63.1,32,41.3,60.1,45.2,1
C0290,P0427,3mo,,HOOS JR,,,,,,
C0290,P0427,1yr,388,HOOS JR,96.5,48,43.5,55.3,47.1,0
C0291,P0197,preop,-5,KOOS JR,37.8,,40.3,56.8,44.3,1
C0291,P0197,6wk,46,KOOS JR,46.4,,37,43.8,41.3,1
C0291,P0197,3mo,90,KOOS JR,70.8,,32.8,47.5,37.6,1
C0291,P0197,1yr,374,KOOS JR,82.8,,34.9,58.9,39.4,1
C0292,P0287,preop,-18,HOOS JR,33.5,14,26.5,60.5,31.9,0
C0292,P0287,6wk,46,HOOS JR,69.7,34,44.5,40.9,48,1
C0292,P0287,3mo,90,HOOS JR,61.2,29,34.9,47.4,39.4,1
C0292,P0287,1yr,382,HOOS JR,66.7,28,33.3,57,38,0
C0293,P0062,preop,-23,HOOS JR,25.9,13,22.6,55.6,28.4,0
C0293,P0062,6wk,45,HOOS JR,68,30,32.9,34.3,37.6,0
C0293,P0062,3mo,90,HOOS JR,58.5,29,45.7,47.5,49.1,0
C0293,P0062,1yr,365,HOOS JR,90.4,44,41.4,59,45.2,0
C0294,P0277,preop,-14,HOOS JR,64.5,35,29,54.2,34.1,1
C0294,P0277,6wk,42,HOOS JR,74.6,33,34.9,50,39.4,1
C0294,P0277,3mo,90,HOOS JR,80.8,41,37.9,59.3,42.1,1
C0294,P0277,1yr,,HOOS JR,,,,,,
C0295,P0186,preop,-19,KOOS JR,24.1,,35.3,41.8,39.8,0
C0295,P0186,6wk,42,KOOS JR,48.8,,38.1,64.7,42.3,1
C0295,P0186,3mo,100,KOOS JR,83.8,,48.1,57.7,51.3,1
C0295,P0186,1yr,,KOOS JR,,,,,,
C0296,P0190,preop,-14,KOOS JR,70,,47.8,55.7,51,1
C0296,P0190,6wk,,KOOS JR,,,,,,
C0296,P0190,3mo,,KOOS JR,,,,,,
C0296,P0190,1yr,353,KOOS JR,93.5,,37.4,57.7,41.7,0
C0297,P0366,preop,-5,KOOS JR,60.1,,32.2,61.9,37,1
C0297,P0366,6wk,44,KOOS JR,67,,42.8,39.3,46.5,1
C0297,P0366,3mo,92,KOOS JR,81.2,,39,67.6,43.1,0
C0297,P0366,1yr,,KOOS JR,,,,,,
C0298,P0263,preop,-10,KOOS JR,58.2,,43.8,37.6,47.4,0
C0298,P0263,6wk,,KOOS JR,,,,,,
C0298,P0263,3mo,103,KOOS JR,83,,40.1,42.3,44.1,0
C0298,P0263,1yr,365,KOOS JR,82,,39.8,58.8,43.8,0
C0299,P0069,preop,-20,KOOS JR,35.1,,19.8,50.3,25.9,0
C0299,P0069,6wk,,KOOS JR,,,,,,
C0299,P0069,3mo,82,KOOS JR,63.5,,29.1,56.9,34.2,1
C0299,P0069,1yr,,KOOS JR,,,,,,
C0300,P0269,preop,-2,KOOS JR,34,,25.4,60,30.9,1
C0300,P0269,6wk,42,KOOS JR,72.9,,36.5,50.1,40.8,1
C0300,P0269,3mo,90,KOOS JR,73.3,,34.1,51,38.7,0
C0300,P0269,1yr,389,KOOS JR,88.1,,43.9,44.1,47.5,0
C0301,P0145,preop,-14,HOOS JR,39,19,23.2,45.1,28.9,0
C0301,P0145,6wk,47,HOOS JR,82.8,39,46.8,50.2,50.1,1
C0301,P0145,3mo,90,HOOS JR,82.5,41,37.1,50.1,41.4,1
C0301,P0145,1yr,,HOOS JR,,,,,,
C0302,P0020,preop,-4,KOOS JR,51.6,,33.1,49.7,37.8,1
C0302,P0020,6wk,44,KOOS JR,57.9,,41.7,32.3,45.5,0
C0302,P0020,3mo,90,KOOS JR,76.8,,48.2,50,51.4,0
C0302,P0020,1yr,367,KOOS JR,93.7,,48.4,45.7,51.6,0
C0303,P0228,preop,-7,HOOS JR,64.9,29,39.3,60.1,43.4,0
C0303,P0228,6wk,38,HOOS JR,68.6,34,41.7,56,45.5,1
C0303,P0228,3mo,90,HOOS JR,81.6,41,46.9,46.4,50.2,1
C0303,P0228,1yr,392,HOOS JR,100,44,49.5,58.6,52.5,0
C0304,P0048,preop,-14,KOOS JR,40.8,,34.5,55.5,39,1
C0304,P0048,6wk,37,KOOS JR,55.5,,35.8,56.1,40.2,1
C0304,P0048,3mo,77,KOOS JR,71.2,,47,53.4,50.3,1
C0304,P0048,1yr,361,KOOS JR,100,,41.4,57.5,45.3,0
C0305,P0370,preop,-14,HOOS JR,54.7,23,37.2,46.9,41.4,0
C0305,P0370,6wk,42,HOOS JR,70.3,37,37.1,39.8,41.4,0
C0305,P0370,3mo,94,HOOS JR,83,36,55.3,54,57.8,0
C0305,P0370,1yr,,HOOS JR,,,,,,
C0306,P0147,preop,-14,KOOS JR,33.5,,24.3,49.9,29.9,1
C0306,P0147,6wk,39,KOOS JR,50.1,,33.3,49.3,38,0
C0306,P0147,3mo,83,KOOS JR,38.3,,29.9,46,34.9,0
C0306,P0147,1yr,365,KOOS JR,61.5,,41.6,49.3,45.4,0
C0307,P0500,preop,-14,HOOS JR,33.3,11,32,46,36.8,0
C0307,P0500,6wk,42,HOOS JR,61.1,29,35.9,62.5,40.3,1
C0307,P0500,3mo,95,HOOS JR,59.7,29,49.8,47.5,52.8,1
C0307,P0500,1yr,358,HOOS JR,76.3,36,36.3,51,40.7,0
C0308,P0516,preop,-7,HOOS JR,53.4,25,36.1,44.5,40.5,0
C0308,P0516,6wk,42,HOOS JR,69.4,31,37.5,45.9,41.8,0
C0308,P0516,3mo,,HOOS JR,,,,,,
C0308,P0516,1yr,365,HOOS JR,78.8,41,39.9,56.8,43.9,0
C0309,P0152,preop,-24,KOOS JR,57.2,,20.3,52.1,26.3,0
C0309,P0152,6wk,43,KOOS JR,67,,31,59,35.9,0
C0309,P0152,3mo,98,KOOS JR,95.2,,50.1,51,53.1,1
C0309,P0152,1yr,365,KOOS JR,83.4,,45.3,72,48.8,0
C0310,P0353,preop,-14,KOOS JR,57.4,,21.8,56.7,27.6,1
C0310,P0353,6wk,37,KOOS JR,63.7,,30.6,57.3,35.6,1
C0310,P0353,3mo,90,KOOS JR,67.3,,29.2,60,34.2,0
C0310,P0353,1yr,,KOOS JR,,,,,,
C0311,P0054,preop,-26,KOOS JR,60.9,,30,47.2,35,1
C0311,P0054,6wk,42,KOOS JR,60.1,,37.6,51.8,41.8,1
C0311,P0054,3mo,,KOOS JR,,,,,,
C0311,P0054,1yr,383,KOOS JR,79.8,,47.7,69.8,51,0
C0312,P0298,preop,-14,KOOS JR,45.6,,28.9,56.2,34,1
C0312,P0298,6wk,,KOOS JR,,,,,,
C0312,P0298,3mo,101,KOOS JR,75.8,,31.6,57.6,36.5,0
C0312,P0298,1yr,337,KOOS JR,69.1,,39.2,49.9,43.3,1
C0313,P0091,preop,-25,KOOS JR,35.7,,24.5,50.3,30,0
C0313,P0091,6wk,37,KOOS JR,54.2,,34.5,50.1,39.1,1
C0313,P0091,3mo,90,KOOS JR,69.9,,37.4,47.5,41.6,0
C0313,P0091,1yr,,KOOS JR,,,,,,
C0314,P0018,preop,-12,KOOS JR,58.3,,30.2,38.4,35.2,0
C0314,P0018,6wk,42,KOOS JR,84.7,,34.3,38.7,38.9,1
C0314,P0018,3mo,90,KOOS JR,96.2,,51.4,53.2,54.3,0
C0314,P0018,1yr,365,KOOS JR,100,,48.3,45.6,51.5,1
C0315,P0036,preop,-14,HOOS JR,37.2,18,18.2,52,24.4,0
C0315,P0036,6wk,49,HOOS JR,63.5,27,38.1,46.7,42.3,0
C0315,P0036,3mo,98,HOOS JR,70.9,32,38.4,54.3,42.5,0
C0315,P0036,1yr,361,HOOS JR,82.2,39,35.7,64.2,40.1,0
C0316,P0064,preop,-14,KOOS JR,60.4,,33.5,59.8,38.2,1
C0316,P0064,6wk,46,KOOS JR,75.5,,29.1,32.4,34.2,1
C0316,P0064,3mo,94,KOOS JR,91.5,,44.5,40.4,48,0
C0316,P0064,1yr,362,KOOS JR,100,,50.8,65.9,53.7,0
C0317,P0336,preop,-1,KOOS JR,55.4,,22.6,51.4,28.4,0
C0317,P0336,6wk,42,KOOS JR,73.9,,36,74.4,40.4,0
C0317,P0336,3mo,100,KOOS JR,73.6,,40.6,56.7,44.5,0
C0317,P0336,1yr,379,KOOS JR,63.9,,49.3,57.2,52.3,0
C0318,P0510,preop,-2,KOOS JR,48.1,,40.4,49.5,44.4,1
C0318,P0510,6wk,42,KOOS JR,54.1,,33.4,40.6,38,0
C0318,P0510,3mo,90,KOOS JR,80.3,,39.6,53.2,43.6,1
C0318,P0510,1yr,365,KOOS JR,79.8,,42.7,50.1,46.5,0
C0319,P0213,preop,-14,KOOS JR,44,,20,45.8,26,0
C0319,P0213,6wk,49,KOOS JR,51.2,,29.6,50.3,34.7,1
C0319,P0213,3mo,103,KOOS JR,64.6,,45.9,40.6,49.3,0
C0319,P0213,1yr,365,KOOS JR,79.2,,42,53.5,45.8,0
C0320,P0243,preop,-21,KOOS JR,68.6,,35.1,47.2,39.6,1
C0320,P0243,6wk,42,KOOS JR,72.1,,38,58.5,42.2,0
C0320,P0243,3mo,85,KOOS JR,100,,43,50.3,46.7,0
C0320,P0243,1yr,347,KOOS JR,96.8,,36.3,46.7,40.7,0
C0321,P0320,preop,-14,HOOS JR,22.7,8,37.5,54,41.7,1
C0321,P0320,6wk,47,HOOS JR,61.6,34,34.2,51.3,38.8,1
C0321,P0320,3mo,,HOOS JR,,,,,,
C0321,P0320,1yr,385,HOOS JR,80,39,37,39.9,41.3,0
C0322,P0003,preop,-14,HOOS JR,62.7,29,34.7,61.3,39.3,0
C0322,P0003,6wk,42,HOOS JR,75.8,37,36.7,76.1,41,0
C0322,P0003,3mo,90,HOOS JR,97.5,47,37.2,35,41.5,0
C0322,P0003,1yr,,HOOS JR,,,,,,
C0323,P0468,preop,-3,KOOS JR,49.6,,26.6,68,31.9,1
C0323,P0468,6wk,47,KOOS JR,68,,41.4,56.1,45.2,1
C0323,P0468,3mo,,KOOS JR,,,,,,
C0323,P0468,1yr,365,KOOS JR,85.2,,51.6,60.8,54.5,0
C0324,P0496,preop,-26,HOOS JR,63.1,30,27.1,41.1,32.4,0
C0324,P0496,6wk,40,HOOS JR,80.5,36,36.8,52,41.1,1
C0324,P0496,3mo,78,HOOS JR,79.8,40,35.4,45,39.8,1
C0324,P0496,1yr,343,HOOS JR,100,48,52.5,50.6,55.3,0
C0325,P0450,preop,-14,KOOS JR,35,,29.2,44.2,34.2,0
C0325,P0450,6wk,42,KOOS JR,55.1,,29.3,57.9,34.3,1
C0325,P0450,3mo,87,KOOS JR,46.1,,42.3,53.2,46.1,0
C0325,P0450,1yr,337,KOOS JR,68.8,,39.7,50.4,43.7,0
C0326,P0185,preop,-19,HOOS JR,52,23,17.4,47.5,23.7,1
C0326,P0185,6wk,41,HOOS JR,65.5,30,39.6,40.6,43.7,0
C0326,P0185,3mo,97,HOOS JR,100,48,53.6,63.7,56.3,0
C0326,P0185,1yr,,HOOS JR,,,,,,
C0327,P0481,preop,-14,HOOS JR,37.4,17,47.2,59.3,50.5,1
C0327,P0481,6wk,46,HOOS JR,55.9,25,32.1,49.5,36.9,1
C0327,P0481,3mo,90,HOOS JR,80.4,41,37.4,52,41.6,0
C0327,P0481,1yr,358,HOOS JR,82,39,43.9,51.7,47.5,1
C0328,P0412,preop,-3,HOOS JR,41.7,21,37.7,54.2,41.9,1
C0328,P0412,6wk,42,HOOS JR,56.2,29,38.2,60.3,42.4,1
C0328,P0412,3mo,81,HOOS JR,89.5,41,50.9,50.5,53.8,0
C0328,P0412,1yr,365,HOOS JR,87.6,39,42.5,46.1,46.2,0
C0329,P0146,preop,-7,KOOS JR,33.2,,29.5,45.6,34.6,0
C0329,P0146,6wk,42,KOOS JR,49.7,,34.7,44,39.2,0
C0329,P0146,3mo,78,KOOS JR,54.3,,40.5,65.9,44.5,0
C0329,P0146,1yr,,KOOS JR,,,,,,
C0330,P0339,preop,-14,KOOS JR,31,,25.6,37.7,31.1,0
C0330,P0339,6wk,42,KOOS JR,45.7,,29.5,47.9,34.5,0
C0330,P0339,3mo,,KOOS JR,,,,,,
C0330,P0339,1yr,,KOOS JR,,,,,,
C0331,P0377,preop,-17,KOOS JR,33.2,,23.9,45.3,29.5,0
C0331,P0377,6wk,42,KOOS JR,58.2,,42.8,46.2,46.5,0
C0331,P0377,3mo,102,KOOS JR,74.1,,48.5,49.7,51.7,0
C0331,P0377,1yr,388,KOOS JR,55.7,,39.7,54.4,43.8,0
C0332,P0514,preop,-18,KOOS JR,31.6,,34.4,38.6,39,1
C0332,P0514,6wk,,KOOS JR,,,,,,
C0332,P0514,3mo,92,KOOS JR,65.8,,40.6,49.2,44.5,0
C0332,P0514,1yr,365,KOOS JR,100,,54.8,71.7,57.3,0
C0333,P0114,preop,-2,KOOS JR,56.3,,29.9,50.9,34.9,1
C0333,P0114,6wk,48,KOOS JR,68.7,,39.4,57.5,43.5,0
C0333,P0114,3mo,90,KOOS JR,66.5,,39.1,63.4,43.2,0
C0333,P0114,1yr,367,KOOS JR,95.8,,48,58,51.2,0
C0334,P0041,preop,-19,KOOS JR,41.2,,41.1,60.7,45,0
C0334,P0041,6wk,48,KOOS JR,55.7,,36.1,39.7,40.5,0
C0334,P0041,3mo,,KOOS JR,,,,,,
C0334,P0041,1yr,353,KOOS JR,68.3,,33.2,59.9,37.9,0
C0335,P0069,preop,-14,KOOS JR,33.8,,27.7,23.2,32.9,1
C0335,P0069,6wk,,KOOS JR,,,,,,
C0335,P0069,3mo,,KOOS JR,,,,,,
C0335,P0069,1yr,,KOOS JR,,,,,,
C0336,P0160,preop,-19,KOOS JR,50.1,,33.1,51.3,37.8,0
C0336,P0160,6wk,42,KOOS JR,56,,35,43.8,39.5,0
C0336,P0160,3mo,,KOOS JR,,,,,,
C0336,P0160,1yr,385,KOOS JR,75.4,,37.6,49.8,41.8,1
C0337,P0465,preop,-14,HOOS JR,46,28,24.4,45.3,30,0
C0337,P0465,6wk,44,HOOS JR,70.1,37,29.3,48.9,34.3,1
C0337,P0465,3mo,92,HOOS JR,72.3,36,46.3,41.1,49.6,1
C0337,P0465,1yr,346,HOOS JR,84.3,43,44.6,59.2,48.2,1
C0338,P0446,preop,-25,KOOS JR,56.3,,37.4,59.1,41.7,0
C0338,P0446,6wk,43,KOOS JR,69.6,,42.8,55.5,46.5,1
C0338,P0446,3mo,97,KOOS JR,80.6,,41.8,59.2,45.7,0
C0338,P0446,1yr,362,KOOS JR,79.3,,39,54.5,43.1,0
C0339,P0477,preop,-3,KOOS JR,70.3,,39.2,59.5,43.3,0
C0339,P0477,6wk,36,KOOS JR,64.9,,28.1,45.5,33.3,1
C0339,P0477,3mo,90,KOOS JR,71.6,,28.8,52.1,33.9,0
C0339,P0477,1yr,365,KOOS JR,95.7,,58.1,52.4,60.3,1
C0340,P0297,preop,-14,HOOS JR,46,22,25.5,38.6,31,0
C0340,P0297,6wk,42,HOOS JR,52.6,25,32.9,55.2,37.6,1
C0340,P0297,3mo,81,HOOS JR,70.6,38,42.7,53,46.5,0
C0340,P0297,1yr,356,HOOS JR,76.7,37,40.6,22,44.5,0
C0341,P0133,preop,-9,KOOS JR,63.4,,26.5,55,31.8,0
C0341,P0133,6wk,39,KOOS JR,75,,36,56.9,40.4,1
C0341,P0133,3mo,90,KOOS JR,86.1,,48.2,50.9,51.4,0
C0341,P0133,1yr,,KOOS JR,,,,,,
C0342,P0018,preop,-14,KOOS JR,69.5,,30.8,48.8,35.7,1
C0342,P0018,6wk,39,KOOS JR,71.8,,34.6,39.8,39.1,1
C0342,P0018,3mo,86,KOOS JR,84.8,,52.9,42.6,55.6,0
C0342,P0018,1yr,365,KOOS JR,87.1,,47.5,59.6,50.8,0
C0343,P0388,preop,-22,HOOS JR,34.1,19,28.4,51.7,33.5,1
C0343,P0388,6wk,45,HOOS JR,57.1,26,31,49.7,35.9,1
C0343,P0388,3mo,90,HOOS JR,89.7,40,42.4,59.9,46.2,0
C0343,P0388,1yr,,HOOS JR,,,,,,
C0344,P0139,preop,-23,KOOS JR,57.9,,29.2,66.9,34.3,0
C0344,P0139,6wk,,KOOS JR,,,,,,
C0344,P0139,3mo,98,KOOS JR,100,,41.3,52.3,45.2,1
C0344,P0139,1yr,,KOOS JR,,,,,,
C0345,P0180,preop,-14,KOOS JR,59.9,,33.9,58.6,38.5,1
C0345,P0180,6wk,36,KOOS JR,77.7,,41.6,45.5,45.4,1
C0345,P0180,3mo,90,KOOS JR,94.6,,40.4,52.6,44.3,0
C0345,P0180,1yr,376,KOOS JR,100,,50.4,60,53.4,0
C0346,P0244,preop,,KOOS JR,,,,,,
C0346,P0244,6wk,42,KOOS JR,36,,30.7,45.3,35.6,0
C0346,P0244,3mo,104,KOOS JR,46.6,,42.4,55.2,46.1,1
C0346,P0244,1yr,367,KOOS JR,47.3,,39.3,52.4,43.4,0
C0347,P0008,preop,-18,HOOS JR,32.3,18,27.6,44.1,32.9,0
C0347,P0008,6wk,41,HOOS JR,72,36,36.8,46.1,41.1,0
C0347,P0008,3mo,102,HOOS JR,89.3,45,41.3,45.1,45.2,0
C0347,P0008,1yr,365,HOOS JR,99.9,48,45.1,58.7,48.6,0
C0348,P0342,preop,,KOOS JR,,,,,,
C0348,P0342,6wk,42,KOOS JR,67.5,,37.3,40.4,41.5,0
C0348,P0342,3mo,90,KOOS JR,82.7,,36.8,61.6,41.2,0
C0348,P0342,1yr,365,KOOS JR,100,,47.7,54.8,50.9,0
C0349,P0255,preop,-14,HOOS JR,61.9,25,31,45.7,35.9,1
C0349,P0255,6wk,42,HOOS JR,65.2,28,28.2,45.5,33.4,1
C0349,P0255,3mo,89,HOOS JR,64.6,29,41.5,54,45.3,1
C0349,P0255,1yr,365,HOOS JR,73.6,34,39.6,58.5,43.7,0
C0350,P0284,preop,-14,HOOS JR,42.5,22,21.1,57.6,27,1
C0350,P0284,6wk,39,HOOS JR,64.9,32,30.5,52.5,35.4,1
C0350,P0284,3mo,86,HOOS JR,71.3,34,41.7,56.6,45.5,0
C0350,P0284,1yr,343,HOOS JR,75,31,43.1,65.1,46.7,0
C0351,P0271,preop,-19,HOOS JR,42.5,19,26.4,45.2,31.7,1
C0351,P0271,6wk,38,HOOS JR,67.4,34,35.4,54.1,39.9,0
C0351,P0271,3mo,,HOOS JR,,,,,,
C0351,P0271,1yr,369,HOOS JR,87.8,40,45.3,53.8,48.8,0
C0352,P0389,preop,-21,HOOS JR,44.9,21,21.7,69.7,27.5,1
C0352,P0389,6wk,43,HOOS JR,69.3,34,40,43.2,44,0
C0352,P0389,3mo,82,HOOS JR,75.6,34,38.1,65,42.3,0
C0352,P0389,1yr,374,HOOS JR,87.7,39,46.4,63.6,49.7,0
C0353,P0466,preop,-14,HOOS JR,63.8,30,35.2,58.4,39.7,0
C0353,P0466,6wk,42,HOOS JR,66.5,32,27.2,52.5,32.4,1
C0353,P0466,3mo,91,HOOS JR,96.4,45,41.9,51.6,45.7,0
C0353,P0466,1yr,340,HOOS JR,100,46,54.2,43.7,56.8,0
C0354,P0374,preop,-21,HOOS JR,40,18,34.8,32.7,39.3,0
C0354,P0374,6wk,42,HOOS JR,65.2,32,42.1,40.7,45.9,1
C0354,P0374,3mo,90,HOOS JR,79.7,40,48.7,33.6,51.8,0
C0354,P0374,1yr,361,HOOS JR,73.5,36,46.6,36.7,50,0
C0355,P0377,preop,-12,KOOS JR,50.5,,25,62.2,30.5,1
C0355,P0377,6wk,,KOOS JR,,,,,,
C0355,P0377,3mo,97,KOOS JR,73.7,,50.7,31.7,53.6,0
C0355,P0377,1yr,384,KOOS JR,83,,38,51,42.2,1
C0356,P0419,preop,-27,KOOS JR,45.5,,38.4,50.5,42.5,0
C0356,P0419,6wk,40,KOOS JR,65.4,,44.8,46.8,48.3,1
C0356,P0419,3mo,90,KOOS JR,83.5,,32,50.1,36.8,0
C0356,P0419,1yr,363,KOOS JR,94.1,,45.3,51.8,48.8,0
C0357,P0213,preop,-27,KOOS JR,60.7,,43.7,46,47.3,1
C0357,P0213,6wk,42,KOOS JR,53.8,,32.6,60.2,37.4,0
C0357,P0213,3mo,90,KOOS JR,80.9,,35.5,61.6,39.9,0
C0357,P0213,1yr,385,KOOS JR,84.9,,47.8,51.5,51,0
C0358,P0383,preop,-8,HOOS JR,20.5,8,25.6,47.5,31,0
C0358,P0383,6wk,36,HOOS JR,58.2,27,35.2,47.7,39.7,1
C0358,P0383,3mo,90,HOOS JR,47.2,17,46.4,58.3,49.7,0
C0358,P0383,1yr,359,HOOS JR,66.5,31,44.1,51.3,47.7,0
C0359,P0157,preop,-14,HOOS JR,38.2,19,30.5,41.2,35.4,0
C0359,P0157,6wk,36,HOOS JR,87.9,42,33.1,55.2,37.8,1
C0359,P0157,3mo,85,HOOS JR,90.2,44,47.6,51.3,50.9,0
C0359,P0157,1yr,387,HOOS JR,87.1,45,33.4,50,38.1,0
C0360,P0020,preop,-14,KOOS JR,64.5,,26,42.9,31.4,0
C0360,P0020,6wk,42,KOOS JR,64.2,,41.2,54.1,45,1
C0360,P0020,3mo,90,KOOS JR,75.3,,45.6,49.4,49,1
C0360,P0020,1yr,386,KOOS JR,83.4,,35.2,61.1,39.7,0
C0361,P0305,preop,,KOOS JR,,,,,,
C0361,P0305,6wk,38,KOOS JR,52.6,,37.6,62,41.9,1
C0361,P0305,3mo,90,KOOS JR,62.4,,35.7,55.9,40.1,0
C0361,P0305,1yr,365,KOOS JR,66,,35.5,61.6,39.9,0
C0362,P0493,preop,-14,HOOS JR,76.6,34,38.2,57,42.4,0
C0362,P0493,6wk,42,HOOS JR,81.8,37,42.4,63.2,46.1,0
C0362,P0493,3mo,91,HOOS JR,100,48,44.1,63.8,47.7,0
C0362,P0493,1yr,,HOOS JR,,,,,,
C0363,P0139,preop,-12,KOOS JR,38.7,,32.5,45.6,37.3,1
C0363,P0139,6wk,36,KOOS JR,59.1,,44.4,63,48,0
C0363,P0139,3mo,,KOOS JR,,,,,,
C0363,P0139,1yr,,KOOS JR,,,,,,
C0364,P0467,preop,-14,HOOS JR,53.9,24,33.5,58.2,38.2,0
C0364,P0467,6wk,46,HOOS JR,68.1,32,33.2,48.8,37.9,1
C0364,P0467,3mo,,HOOS JR,,,,,,
C0364,P0467,1yr,352,HOOS JR,100,48,52.5,50.6,55.2,0
C0365,P0288,preop,,HOOS JR,,,,,,
C0365,P0288,6wk,42,HOOS JR,73.2,37,42.3,64.3,46,0
C0365,P0288,3mo,77,HOOS JR,80.5,37,47.2,67.8,50.5,0
C0365,P0288,1yr,,HOOS JR,,,,,,
C0366,P0008,preop,-14,HOOS JR,43.3,21,29.5,41.1,34.5,0
C0366,P0008,6wk,42,HOOS JR,77.8,38,44.7,43.6,48.2,0
C0366,P0008,3mo,87,HOOS JR,83.4,39,46.3,50.4,49.7,0
C0366,P0008,1yr,335,HOOS JR,100,46,51.7,62.3,54.5,0
C0367,P0302,preop,-9,HOOS JR,42,19,38.9,35.7,43,0
C0367,P0302,6wk,42,HOOS JR,67.8,33,29.1,49.8,34.2,0
C0367,P0302,3mo,79,HOOS JR,83.9,42,46.5,59.9,49.9,0
C0367,P0302,1yr,348,HOOS JR,92.3,46,43.9,57.8,47.5,0
C0368,P0314,preop,-16,KOOS JR,58.3,,38.7,57.2,42.8,1
C0368,P0314,6wk,42,KOOS JR,62,,24.3,35.5,29.9,1
C0368,P0314,3mo,90,KOOS JR,77.9,,40.2,63.9,44.2,0
C0368,P0314,1yr,369,KOOS JR,84.9,,33.1,57.3,37.8,0
C0369,P0409,preop,-14,HOOS JR,53.6,24,37,55.6,41.3,1
C0369,P0409,6wk,45,HOOS JR,75.2,34,35.8,47,40.3,0
C0369,P0409,3mo,80,HOOS JR,93.5,43,39.9,41.5,43.9,0
C0369,P0409,1yr,338,HOOS JR,100,43,54.5,52.8,57.1,0
C0370,P0003,preop,-18,HOOS JR,52.6,27,37.1,52.6,41.3,1
C0370,P0003,6wk,42,HOOS JR,70.1,33,50.9,42.2,53.8,0
C0370,P0003,3mo,,HOOS JR,,,,,,
C0370,P0003,1yr,365,HOOS JR,93.9,43,49.5,43.7,52.5,0
C0371,P0355,preop,-24,HOOS JR,57.6,29,41.9,61.1,45.7,0
C0371,P0355,6wk,43,HOOS JR,68.9,34,37.6,45.3,41.9,1
C0371,P0355,3mo,81,HOOS JR,72.3,31,45.5,58.7,48.9,0
C0371,P0355,1yr,,HOOS JR,,,,,,
C0372,P0393,preop,-14,KOOS JR,61.3,,31.4,57.8,36.3,1
C0372,P0393,6wk,42,KOOS JR,69.3,,35.8,54.1,40.3,0
C0372,P0393,3mo,90,KOOS JR,75.2,,35.8,43.6,40.2,0
C0372,P0393,1yr,,KOOS JR,,,,,,
C0373,P0140,preop,-14,KOOS JR,55.9,,35.7,48.5,40.1,0
C0373,P0140,6wk,42,KOOS JR,63,,41.8,50.7,45.7,1
C0373,P0140,3mo,83,KOOS JR,73.1,,42.5,46.6,46.3,0
C0373,P0140,1yr,348,KOOS JR,100,,42.3,50.3,46.1,0
C0374,P0428,preop,-14,KOOS JR,37.5,,19.7,34.3,25.7,0
C0374,P0428,6wk,44,KOOS JR,62.8,,38.2,55.3,42.4,0
C0374,P0428,3mo,87,KOOS JR,68.3,,36.6,67.3,40.9,1
C0374,P0428,1yr,365,KOOS JR,94.1,,48.6,43.7,51.8,0
C0375,P0044,preop,-22,KOOS JR,47.6,,37.8,49.7,42.1,0
C0375,P0044,6wk,42,KOOS JR,71.6,,38.4,64.1,42.5,1
C0375,P0044,3mo,,KOOS JR,,,,,,
C0375,P0044,1yr,365,KOOS JR,100,,44.3,53.5,47.9,1
C0376,P0460,preop,-8,HOOS JR,16.7,12,26.6,58.9,31.9,0
C0376,P0460,6wk,46,HOOS JR,59.6,30,37.3,60.9,41.6,1
C0376,P0460,3mo,99,HOOS JR,71,33,41.7,37.5,45.6,0
C0376,P0460,1yr,365,HOOS JR,87.6,41,46.3,48.7,49.7,0
C0377,P0513,preop,-21,KOOS JR,53.2,,25.7,62.1,31.1,1
C0377,P0513,6wk,47,KOOS JR,64,,39.6,45.1,43.6,1
C0377,P0513,3mo,87,KOOS JR,89.6,,41.9,65.6,45.7,0
C0377,P0513,1yr,,KOOS JR,,,,,,
C0378,P0301,preop,-19,HOOS JR,39.8,21,20.6,50.6,26.5,0
C0378,P0301,6wk,44,HOOS JR,58.8,26,24.8,45.3,30.3,1
C0378,P0301,3mo,90,HOOS JR,64.3,29,37,39,41.3,0
C0378,P0301,1yr,365,HOOS JR,80.6,39,41.5,50.5,45.3,0
C0379,P0028,preop,-14,KOOS JR,68.2,,34.5,48.4,39,1
C0379,P0028,6wk,36,KOOS JR,69.3,,29.2,49.7,34.3,0
C0379,P0028,3mo,104,KOOS JR,78.3,,42.2,58.7,46,0
C0379,P0028,1yr,356,KOOS JR,100,,47.5,62.6,50.8,0
C0380,P0226,preop,-3,KOOS JR,46.9,,42.7,56.4,46.4,1
C0380,P0226,6wk,42,KOOS JR,57.3,,31.6,42.7,36.5,1
C0380,P0226,3mo,84,KOOS JR,83,,45.4,37.1,48.9,0
C0380,P0226,1yr,,KOOS JR,,,,,,
C0381,P0087,preop,-27,KOOS JR,33.6,,26.7,51.6,32,1
C0381,P0087,6wk,,KOOS JR,,,,,,
C0381,P0087,3mo,89,KOOS JR,59.8,,28.6,45.4,33.7,0
C0381,P0087,1yr,365,KOOS JR,80.5,,42,43.9,45.8,0
C0382,P0157,preop,-10,HOOS JR,37.4,14,15.8,54.2,22.3,0
C0382,P0157,6wk,42,HOOS JR,56.3,28,36.7,50.9,41,1
C0382,P0157,3mo,94,HOOS JR,77.6,38,30.8,46.2,35.7,0
C0382,P0157,1yr,341,HOOS JR,79,37,47.8,62.2,51,0
C0383,P0171,preop,-23,KOOS JR,58.7,,27,56,32.3,0
C0383,P0171,6wk,42,KOOS JR,75.6,,42.3,63.1,46.1,1
C0383,P0171,3mo,,KOOS JR,,,,,,
C0383,P0171,1yr,358,KOOS JR,95,,50.7,73.1,53.6,0
C0384,P0503,preop,-11,HOOS JR,62.8,34,40,36.7,44,1
C0384,P0503,6wk,,HOOS JR,,,,,,
C0384,P0503,3mo,,HOOS JR,,,,,,
C0384,P0503,1yr,,HOOS JR,,,,,,
C0385,P0089,preop,-12,HOOS JR,46.9,24,32.1,43.3,36.9,1
C0385,P0089,6wk,36,HOOS JR,70,32,44.1,55.1,47.7,1
C0385,P0089,3mo,90,HOOS JR,92,46,47.9,54.4,51.1,0
C0385,P0089,1yr,394,HOOS JR,100,45,50.5,46.8,53.5,0
C0386,P0013,preop,-5,HOOS JR,43.7,21,35.5,63.7,40,0
C0386,P0013,6wk,48,HOOS JR,59.6,28,34.9,49.3,39.4,0
C0386,P0013,3mo,98,HOOS JR,100,48,41.2,55.3,45.1,1
C0386,P0013,1yr,341,HOOS JR,89.8,43,43.4,51,47,0
C0387,P0354,preop,-3,KOOS JR,64.8,,29.2,51.7,34.3,0
C0387,P0354,6wk,42,KOOS JR,67.9,,28.5,36.4,33.6,0
C0387,P0354,3mo,97,KOOS JR,100,,45.9,47.2,49.3,0
C0387,P0354,1yr,373,KOOS JR,100,,41.3,50,45.2,0
C0388,P0107,preop,-14,HOOS JR,74.5,37,33.1,46.7,37.8,0
C0388,P0107,6wk,38,HOOS JR,75.7,35,34.9,56.2,39.4,0
C0388,P0107,3mo,,HOOS JR,,,,,,
C0388,P0107,1yr,,HOOS JR,,,,,,
C0389,P0449,preop,-14,KOOS JR,42.5,,18.4,57.1,24.6,0
C0389,P0449,6wk,42,KOOS JR,45.9,,25.9,49,31.3,0
C0389,P0449,3mo,90,KOOS JR,75.2,,41.2,65.1,45.1,1
C0389,P0449,1yr,373,KOOS JR,94,,40.9,54.4,44.8,0
C0390,P0212,preop,-18,KOOS JR,47.1,,30.2,48.9,35.2,0
C0390,P0212,6wk,46,KOOS JR,73.1,,33.4,58.3,38.1,0
C0390,P0212,3mo,84,KOOS JR,62.7,,37.1,43.4,41.4,1
C0390,P0212,1yr,352,KOOS JR,94.9,,41.8,64.9,45.6,0
C0391,P0359,preop,-12,KOOS JR,44.9,,31.1,32.4,36,1
C0391,P0359,6wk,36,KOOS JR,52.8,,29.9,42.1,34.9,1
C0391,P0359,3mo,97,KOOS JR,65.9,,33.1,53.8,37.8,1
C0391,P0359,1yr,378,KOOS JR,65.3,,40.2,55.3,44.2,0
C0392,P0123,preop,-22,HOOS JR,35.6,18,26.9,55.8,32.2,0
C0392,P0123,6wk,42,HOOS JR,73.8,36,23.5,53.2,29.1,0
C0392,P0123,3mo,80,HOOS JR,87.4,41,35.4,57.2,39.9,0
C0392,P0123,1yr,365,HOOS JR,100,48,41.6,67.7,45.5,0
C0393,P0186,preop,-14,KOOS JR,72.2,,32.5,51.4,37.2,1
C0393,P0186,6wk,45,KOOS JR,66.5,,26,45.3,31.4,1
C0393,P0186,3mo,100,KOOS JR,87.9,,42.8,20.5,46.6,0
C0393,P0186,1yr,350,KOOS JR,93.7,,50.2,60.4,53.1,1
C0394,P0067,preop,-23,HOOS JR,26.9,11,36.3,52.4,40.7,0
C0394,P0067,6wk,42,HOOS JR,73.6,33,41.6,51.4,45.5,1
C0394,P0067,3mo,96,HOOS JR,73.4,39,41.1,55.2,45,0
C0394,P0067,1yr,391,HOOS JR,70.6,32,49,71.9,52.1,0
C0395,P0367,preop,-14,HOOS JR,38.4,20,25.8,63.4,31.2,0
C0395,P0367,6wk,42,HOOS JR,81,43,26.8,41.9,32.1,1
C0395,P0367,3mo,96,HOOS JR,100,47,45.1,58.8,48.6,0
C0395,P0367,1yr,,HOOS JR,,,,,,
C0396,P0484,preop,-14,KOOS JR,54.8,,27.9,48,33.1,1
C0396,P0484,6wk,41,KOOS JR,60,,35.8,53.5,40.2,0
C0396,P0484,3mo,90,KOOS JR,70.7,,46,60.9,49.4,0
C0396,P0484,1yr,352,KOOS JR,90,,47.3,68.1,50.5,0
C0397,P0324,preop,-14,HOOS JR,42.4,16,21.8,48.8,27.6,0
C0397,P0324,6wk,,HOOS JR,,,,,,
C0397,P0324,3mo,,HOOS JR,,,,,,
C0397,P0324,1yr,,HOOS JR,,,,,,
C0398,P0402,preop,-23,HOOS JR,33.1,14,30.7,64.2,35.6,1
C0398,P0402,6wk,42,HOOS JR,65.5,32,33.5,49.9,38.2,1
C0398,P0402,3mo,90,HOOS JR,67.9,30,39.2,59,43.3,1
C0398,P0402,1yr,348,HOOS JR,79.3,39,47.6,45.7,50.9,0
C0399,P0119,preop,-1,HOOS JR,71.8,36,37.4,54.8,41.7,0
C0399,P0119,6wk,49,HOOS JR,86.5,37,43.6,40,47.2,1
C0399,P0119,3mo,90,HOOS JR,100,48,36.7,53.7,41,0
C0399,P0119,1yr,,HOOS JR,,,,,,
C0400,P0091,preop,-8,KOOS JR,73.6,,29.8,48.7,34.8,0
C0400,P0091,6wk,42,KOOS JR,76.1,,35.3,44.6,39.8,1
C0400,P0091,3mo,95,KOOS JR,99.2,,54,37.3,56.6,0
C0400,P0091,1yr,365,KOOS JR,85.7,,47.1,34.7,50.4,0
C0401,P0340,preop,-14,KOOS JR,64.8,,27.8,43.8,33,0
C0401,P0340,6wk,37,KOOS JR,72.5,,33.8,58.8,38.4,0
C0401,P0340,3mo,76,KOOS JR,88.8,,41.5,45.2,45.4,0
C0401,P0340,1yr,380,KOOS JR,100,,54.7,62.9,57.3,0
C0402,P0520,preop,-14,KOOS JR,26.1,,30.3,41,35.3,1
C0402,P0520,6wk,43,KOOS JR,42.1,,37.2,42.7,41.5,0
C0402,P0520,3mo,90,KOOS JR,70.3,,30.1,55.6,35.1,0
C0402,P0520,1yr,359,KOOS JR,71,,47.3,72.5,50.5,0
C0403,P0347,preop,-21,HOOS JR,60.3,28,29.7,57.9,34.7,1
C0403,P0347,6wk,44,HOOS JR,79.6,32,37.1,42.3,41.4,1
C0403,P0347,3mo,98,HOOS JR,100,44,44.9,49.8,48.4,0
C0403,P0347,1yr,355,HOOS JR,100,47,43.4,50.1,47.1,0
C0404,P0510,preop,-24,KOOS JR,57.2,,36.3,52.5,40.7,0
C0404,P0510,6wk,42,KOOS JR,65.2,,33.9,33.6,38.5,0
C0404,P0510,3mo,94,KOOS JR,69,,38.9,35.8,43,0
C0404,P0510,1yr,390,KOOS JR,76.2,,52.2,54.7,55,0
C0405,P0050,preop,-14,HOOS JR,39.8,18,22.5,39.4,28.2,1
C0405,P0050,6wk,,HOOS JR,,,,,,
C0405,P0050,3mo,88,HOOS JR,79.5,38,43.7,61.9,47.4,0
C0405,P0050,1yr,349,HOOS JR,71.3,30,51.8,43.3,54.6,1
C0406,P0006,preop,-14,HOOS JR,46.1,21,23.4,41.2,29,1
C0406,P0006,6wk,42,HOOS JR,69.8,40,35.2,65.9,39.7,0
C0406,P0006,3mo,90,HOOS JR,81.7,37,30,40.5,35,0
C0406,P0006,1yr,365,HOOS JR,85.6,38,39.5,35.9,43.5,0
C0407,P0035,preop,-2,KOOS JR,67.1,,35.1,48.4,39.6,0
C0407,P0035,6wk,47,KOOS JR,78.3,,38.1,48.4,42.3,1
C0407,P0035,3mo,82,KOOS JR,90.2,,41.5,48.9,45.3,0
C0407,P0035,1yr,,KOOS JR,,,,,,
C0408,P0227,preop,-14,KOOS JR,38.5,,21.8,50.2,27.7,0
C0408,P0227,6wk,42,KOOS JR,70.8,,44.4,48.2,48,0
C0408,P0227,3mo,103,KOOS JR,60.4,,47.4,46.1,50.7,0
C0408,P0227,1yr,390,KOOS JR,80.2,,55.8,58.3,58.2,0
C0409,P0168,preop,-8,KOOS JR,69.7,,21.7,35.8,27.5,1
C0409,P0168,6wk,39,KOOS JR,79.3,,38.4,41.8,42.6,1
C0409,P0168,3mo,93,KOOS JR,71.6,,42.2,60.2,46,0
C0409,P0168,1yr,,KOOS JR,,,,,,
C0410,P0005,preop,-17,HOOS JR,48.4,22,26.2,43.5,31.6,0
C0410,P0005,6wk,44,HOOS JR,62.5,30,42.2,57.9,46,1
C0410,P0005,3mo,90,HOOS JR,80.9,39,41.3,42.1,45.2,0
C0410,P0005,1yr,,HOOS JR,,,,,,
C0411,P0414,preop,-14,HOOS JR,71.2,35,36.4,44.1,40.8,0
C0411,P0414,6wk,46,HOOS JR,69.3,34,15.8,50.3,22.2,1
C0411,P0414,3mo,80,HOOS JR,88.6,43,42,48.8,45.8,0
C0411,P0414,1yr,365,HOOS JR,96,45,49.8,59.9,52.8,0
C0412,P0348,preop,-18,KOOS JR,26.5,,31,50.7,35.9,1
C0412,P0348,6wk,42,KOOS JR,22.8,,34.8,53.9,39.3,1
C0412,P0348,3mo,83,KOOS JR,64.6,,39.1,39.7,43.2,1
C0412,P0348,1yr,374,KOOS JR,85.2,,53.2,56.1,55.8,0
C0413,P0142,preop,-14,KOOS JR,38.3,,23.4,67.1,29.1,0
C0413,P0142,6wk,42,KOOS JR,68.1,,43.6,66.8,47.3,0
C0413,P0142,3mo,103,KOOS JR,70.9,,44.3,65.6,47.9,0
C0413,P0142,1yr,365,KOOS JR,88.6,,48.8,50.7,51.9,0
C0414,P0042,preop,-16,HOOS JR,49.4,26,38,48.4,42.2,0
C0414,P0042,6wk,48,HOOS JR,64.5,29,38.2,44.6,42.4,0
C0414,P0042,3mo,,HOOS JR,,,,,,
C0414,P0042,1yr,,HOOS JR,,,,,,
C0415,P0509,preop,-14,KOOS JR,52.9,,35.7,54.9,40.2,0
C0415,P0509,6wk,42,KOOS JR,52.9,,39,48.7,43.1,1
C0415,P0509,3mo,87,KOOS JR,55.4,,40.1,52.5,44.1,0
C0415,P0509,1yr,385,KOOS JR,88.2,,54.4,54,57,0
C0416,P0264,preop,-14,HOOS JR,35.8,18,36.8,36.8,41.1,1
C0416,P0264,6wk,42,HOOS JR,63.6,33,28.6,69.7,33.7,1
C0416,P0264,3mo,79,HOOS JR,55.6,34,34.9,37.8,39.4,0
C0416,P0264,1yr,365,HOOS JR,100,48,46.7,54.1,50,0
C0417,P0201,preop,-15,KOOS JR,76.5,,27.3,32.1,32.6,0
C0417,P0201,6wk,49,KOOS JR,76.5,,37.3,41.2,41.6,1
C0417,P0201,3mo,,KOOS JR,,,,,,
C0417,P0201,1yr,365,KOOS JR,100,,54.1,64.8,56.7,0
C0418,P0066,preop,-26,HOOS JR,41.9,23,23.2,42.7,28.9,1
C0418,P0066,6wk,36,HOOS JR,77.6,36,48.7,50.6,51.9,0
C0418,P0066,3mo,,HOOS JR,,,,,,
C0418,P0066,1yr,365,HOOS JR,92.8,45,38.4,32.2,42.6,0
C0419,P0486,preop,-13,KOOS JR,65.5,,31.6,48.1,36.5,0
C0419,P0486,6wk,39,KOOS JR,76.5,,31.9,54,36.8,1
C0419,P0486,3mo,90,KOOS JR,77.3,,23.1,55.9,28.7,0
C0419,P0486,1yr,368,KOOS JR,100,,59.7,40.9,61.8,0
C0420,P0376,preop,-14,KOOS JR,54.5,,43,48.8,46.7,0
C0420,P0376,6wk,43,KOOS JR,64.2,,31.2,61.7,36.1,0
C0420,P0376,3mo,90,KOOS JR,76.9,,37.4,63,41.7,1
C0420,P0376,1yr,365,KOOS JR,87.2,,49.2,53.4,52.3,0
C0421,P0306,preop,-4,HOOS JR,60.7,28,42.8,47.4,46.6,1
C0421,P0306,6wk,42,HOOS JR,66.8,29,27.7,43.6,32.9,0
C0421,P0306,3mo,89,HOOS JR,99.6,46,46.3,53.5,49.7,0
C0421,P0306,1yr,387,HOOS JR,100,48,46.5,55.4,49.9,0
C0422,P0404,preop,-3,HOOS JR,46.3,21,26.1,38.3,31.5,1
C0422,P0404,6wk,47,HOOS JR,68.7,37,42.3,47.3,46.1,1
C0422,P0404,3mo,83,HOOS JR,74.1,36,46.4,52.8,49.7,0
C0422,P0404,1yr,361,HOOS JR,90.8,46,48,53.3,51.2,1
C0423,P0098,preop,-25,HOOS JR,49.6,19,26.7,52.2,32,0
C0423,P0098,6wk,42,HOOS JR,73.6,41,40.1,62,44.1,0
C0423,P0098,3mo,101,HOOS JR,76.9,38,46.2,56.2,49.6,0
C0423,P0098,1yr,365,HOOS JR,84.4,45,41.5,53.6,45.4,0
C0424,P0340,preop,-10,KOOS JR,49.8,,36.4,24.4,40.7,0
C0424,P0340,6wk,42,KOOS JR,78.6,,39,41.5,43.1,0
C0424,P0340,3mo,86,KOOS JR,67.3,,32.4,47.7,37.1,0
C0424,P0340,1yr,338,KOOS JR,75.1,,39.6,40.3,43.6,1
C0425,P0103,preop,-11,KOOS JR,68.5,,35.4,54.6,39.8,1
C0425,P0103,6wk,43,KOOS JR,75.9,,52.9,41.4,55.6,0
C0425,P0103,3mo,81,KOOS JR,85.4,,41.9,32.6,45.7,0
C0425,P0103,1yr,,KOOS JR,,,,,,
C0426,P0406,preop,-11,KOOS JR,53.6,,32.8,57.7,37.5,0
C0426,P0406,6wk,46,KOOS JR,62.8,,34.3,49.3,38.8,1
C0426,P0406,3mo,94,KOOS JR,71.9,,43.3,48,47,0
C0426,P0406,1yr,365,KOOS JR,86.7,,38.7,50.5,42.9,0
C0427,P0438,preop,-20,HOOS JR,40.5,19,21.7,66.2,27.5,0
C0427,P0438,6wk,37,HOOS JR,62.7,31,38.6,53.4,42.7,0
C0427,P0438,3mo,90,HOOS JR,72.4,31,32.1,37.4,36.9,0
C0427,P0438,1yr,376,HOOS JR,88.1,42,40.5,53.8,44.4,0
C0428,P0007,preop,-12,HOOS JR,49.7,23,26.3,36.9,31.6,0
C0428,P0007,6wk,47,HOOS JR,84,42,31.6,43.5,36.4,0
C0428,P0007,3mo,82,HOOS JR,83.7,39,33,58.2,37.7,0
C0428,P0007,1yr,365,HOOS JR,89.6,39,61.2,30.4,63.1,0
C0429,P0354,preop,-9,KOOS JR,45.4,,38.6,59.5,42.7,0
C0429,P0354,6wk,41,KOOS JR,74.8,,42.2,36.7,46,0
C0429,P0354,3mo,90,KOOS JR,56,,40.9,42.2,44.8,0
C0429,P0354,1yr,386,KOOS JR,88.6,,43.6,48.6,47.2,0
C0430,P0208,preop,-25,HOOS JR,43,19,30.8,55.7,35.7,0
C0430,P0208,6wk,,HOOS JR,,,,,,
C0430,P0208,3mo,,HOOS JR,,,,,,
C0430,P0208,1yr,,HOOS JR,,,,,,
C0431,P0073,preop,-17,HOOS JR,41.6,22,36.9,50.7,41.2,0
C0431,P0073,6wk,46,HOOS JR,59.1,26,28.9,57.7,34,1
C0431,P0073,3mo,,HOOS JR,,,,,,
C0431,P0073,1yr,365,HOOS JR,84.2,38,46.7,48.5,50,1
C0432,P0348,preop,-13,KOOS JR,47.2,,33.7,53.3,38.3,1
C0432,P0348,6wk,42,KOOS JR,57.5,,33.6,47.4,38.3,1
C0432,P0348,3mo,,KOOS JR,,,,,,
C0432,P0348,1yr,336,KOOS JR,70.5,,44.4,42.9,48,0
C0433,P0396,preop,-26,HOOS JR,42.5,19,27.9,52.9,33.1,0
C0433,P0396,6wk,42,HOOS JR,66,36,41.6,65.3,45.4,1
C0433,P0396,3mo,93,HOOS JR,80.9,36,34.6,53,39.1,0
C0433,P0396,1yr,365,HOOS JR,92.6,43,45.6,53.5,49.1,0
C0434,P0096,preop,-14,KOOS JR,61.1,,30.8,62,35.7,0
C0434,P0096,6wk,46,KOOS JR,55.3,,39.7,57.1,43.8,1
C0434,P0096,3mo,90,KOOS JR,73.8,,27.2,31.4,32.5,0
C0434,P0096,1yr,367,KOOS JR,84.4,,48.8,52,51.9,0
C0435,P0031,preop,,HOOS JR,,,,,,
C0435,P0031,6wk,46,HOOS JR,50.5,26,38.1,51.2,42.3,0
C0435,P0031,3mo,,HOOS JR,,,,,,
C0435,P0031,1yr,,HOOS JR,,,,,,
C0436,P0059,preop,-5,KOOS JR,63.9,,30.7,66,35.6,0
C0436,P0059,6wk,47,KOOS JR,76.7,,36.3,48,40.7,0
C0436,P0059,3mo,,KOOS JR,,,,,,
C0436,P0059,1yr,336,KOOS JR,97.9,,49.5,53.5,52.6,0
C0437,P0110,preop,-9,KOOS JR,45.3,,30.6,49.3,35.5,0
C0437,P0110,6wk,48,KOOS JR,50.5,,37.8,39.7,42,1
C0437,P0110,3mo,81,KOOS JR,65.2,,36.3,55.5,40.6,0
C0437,P0110,1yr,365,KOOS JR,67.7,,47.9,43.3,51.1,0
C0438,P0161,preop,-20,HOOS JR,66.1,31,41.7,61.2,45.5,0
C0438,P0161,6wk,37,HOOS JR,74.7,31,45.3,49.3,48.8,1
C0438,P0161,3mo,92,HOOS JR,79.4,37,29.5,52.4,34.5,1
C0438,P0161,1yr,361,HOOS JR,87.8,45,40.7,59.6,44.7,0
C0439,P0134,preop,-4,KOOS JR,51.6,,27.6,36.3,32.8,0
C0439,P0134,6wk,42,KOOS JR,67.8,,36,48,40.4,1
C0439,P0134,3mo,95,KOOS JR,66.4,,40.9,53.5,44.8,0
C0439,P0134,1yr,352,KOOS JR,82.6,,40.3,60.6,44.3,0
C0440,P0253,preop,-20,HOOS JR,40.7,23,34,44.8,38.6,0
C0440,P0253,6wk,39,HOOS JR,72.3,37,32.3,48,37.1,0
C0440,P0253,3mo,90,HOOS JR,93.6,41,39,38.3,43.1,0
C0440,P0253,1yr,365,HOOS JR,100,48,43,59.2,46.7,0
C0441,P0403,preop,-14,HOOS JR,72.3,36,35.5,47.3,39.9,1
C0441,P0403,6wk,42,HOOS JR,72.4,32,27.8,57.5,33,1
C0441,P0403,3mo,97,HOOS JR,83.5,42,38.5,51.5,42.7,0
C0441,P0403,1yr,,HOOS JR,,,,,,
C0442,P0235,preop,-26,KOOS JR,44.1,,21.7,48.9,27.6,1
C0442,P0235,6wk,49,KOOS JR,58.4,,35.6,43.5,40.1,0
C0442,P0235,3mo,80,KOOS JR,57.9,,38.4,59.2,42.5,0
C0442,P0235,1yr,,KOOS JR,,,,,,
C0443,P0065,preop,-3,KOOS JR,40.5,,40.3,56.6,44.3,1
C0443,P0065,6wk,42,KOOS JR,66.6,,41.8,39.9,45.6,1
C0443,P0065,3mo,91,KOOS JR,79.7,,36.3,51,40.7,0
C0443,P0065,1yr,365,KOOS JR,87.5,,49,57.4,52.1,0
C0444,P0024,preop,-14,KOOS JR,58.1,,31,40.6,35.9,0
C0444,P0024,6wk,38,KOOS JR,80.1,,36.9,40.3,41.2,0
C0444,P0024,3mo,85,KOOS JR,86.5,,40.7,59.1,44.7,0
C0444,P0024,1yr,392,KOOS JR,100,,54.4,46.7,56.9,0
C0445,P0460,preop,-22,HOOS JR,56.1,26,40.1,37.9,44.1,1
C0445,P0460,6wk,,HOOS JR,,,,,,
C0445,P0460,3mo,95,HOOS JR,73.4,33,37.2,53.7,41.5,0
C0445,P0460,1yr,,HOOS JR,,,,,,
C0446,P0156,preop,-24,KOOS JR,43.9,,33.5,45.4,38.2,1
C0446,P0156,6wk,39,KOOS JR,54.1,,43.8,56.3,47.5,1
C0446,P0156,3mo,102,KOOS JR,58.5,,43.3,81.3,47,1
C0446,P0156,1yr,,KOOS JR,,,,,,
C0447,P0043,preop,-14,HOOS JR,35.2,19,39.3,51,43.3,0
C0447,P0043,6wk,37,HOOS JR,71.4,35,40.7,55.9,44.6,1
C0447,P0043,3mo,90,HOOS JR,67.1,31,41.2,51.5,45.1,0
C0447,P0043,1yr,365,HOOS JR,74.1,34,34.9,47.6,39.4,0
C0448,P0341,preop,-12,KOOS JR,48,,27.6,51.4,32.9,1
C0448,P0341,6wk,42,KOOS JR,75.2,,38.4,52.9,42.6,1
C0448,P0341,3mo,101,KOOS JR,82.4,,41.2,48.2,45.1,1
C0448,P0341,1yr,368,KOOS JR,100,,51.1,48.7,54,0
C0449,P0060,preop,-19,KOOS JR,42.6,,17.2,56.7,23.5,0
C0449,P0060,6wk,,KOOS JR,,,,,,
C0449,P0060,3mo,77,KOOS JR,70.5,,38.2,51.7,42.4,0
C0449,P0060,1yr,,KOOS JR,,,,,,
C0450,P0090,preop,-14,KOOS JR,55,,35.5,44.9,40,1
C0450,P0090,6wk,42,KOOS JR,66,,34.2,50.7,38.8,1
C0450,P0090,3mo,103,KOOS JR,77.9,,38,50.9,42.2,0
C0450,P0090,1yr,383,KOOS JR,66.7,,38.7,40.3,42.9,0
C0451,P0397,preop,-14,KOOS JR,71.1,,36.6,59.1,41,1
C0451,P0397,6wk,42,KOOS JR,75,,39.6,59.7,43.6,0
C0451,P0397,3mo,86,KOOS JR,71.9,,52.6,52.7,55.4,0
C0451,P0397,1yr,,KOOS JR,,,,,,
C0452,P0174,preop,,HOOS JR,,,,,,
C0452,P0174,6wk,42,HOOS JR,68.4,35,36.2,66.8,40.6,1
C0452,P0174,3mo,77,HOOS JR,66.4,34,36.3,51.9,40.7,0
C0452,P0174,1yr,365,HOOS JR,92.2,41,49.3,61.1,52.4,1
C0453,P0411,preop,-1,KOOS JR,72.1,,32.6,45.2,37.3,0
C0453,P0411,6wk,41,KOOS JR,76.6,,45.5,37.4,48.9,0
C0453,P0411,3mo,79,KOOS JR,84.2,,40.1,68.1,44.1,0
C0453,P0411,1yr,389,KOOS JR,78.2,,37.2,47.5,41.5,0
C0454,P0472,preop,-14,HOOS JR,26.5,14,20.8,52.4,26.7,0
C0454,P0472,6wk,43,HOOS JR,62.3,27,29.1,57.1,34.2,1
C0454,P0472,3mo,90,HOOS JR,58,26,39.4,67.5,43.5,0
C0454,P0472,1yr,342,HOOS JR,72.5,33,42.1,47.8,45.9,1
C0455,P0415,preop,-11,KOOS JR,67.8,,45.4,48.4,48.8,0
C0455,P0415,6wk,42,KOOS JR,73.1,,50.4,49.7,53.4,1
C0455,P0415,3mo,85,KOOS JR,82.4,,44.4,55.9,48,1
C0455,P0415,1yr,365,KOOS JR,91.9,,47.1,45.5,50.4,0
C0456,P0404,preop,-9,HOOS JR,28.2,13,37.3,43.6,41.6,0
C0456,P0404,6wk,40,HOOS JR,57.5,29,36.6,60,40.9,1
C0456,P0404,3mo,,HOOS JR,,,,,,
C0456,P0404,1yr,359,HOOS JR,78.3,41,35.7,57.6,40.1,0
C0457,P0233,preop,-6,HOOS JR,43.6,25,22.2,45.4,28,1
C0457,P0233,6wk,49,HOOS JR,73.3,36,44,53.3,47.6,1
C0457,P0233,3mo,100,HOOS JR,80.5,39,38.5,54,42.6,0
C0457,P0233,1yr,,HOOS JR,,,,,,
C0458,P0364,preop,-12,HOOS JR,65.1,29,28.6,44.9,33.8,1
C0458,P0364,6wk,36,HOOS JR,75.4,37,35.4,57.7,39.9,1
C0458,P0364,3mo,88,HOOS JR,89.3,45,44.3,45.2,47.8,0
C0458,P0364,1yr,386,HOOS JR,100,47,45.1,57.2,48.6,0
C0459,P0141,preop,-12,KOOS JR,47.1,,31.4,59.4,36.3,0
C0459,P0141,6wk,42,KOOS JR,70.7,,44.1,56.5,47.7,0
C0459,P0141,3mo,83,KOOS JR,71.9,,28.6,55.9,33.7,0
C0459,P0141,1yr,365,KOOS JR,95.8,,46.5,35.5,49.8,0
C0460,P0169,preop,-14,HOOS JR,44.8,21,35.6,54.8,40,0
C0460,P0169,6wk,47,HOOS JR,82.9,37,37.7,71.2,41.9,0
C0460,P0169,3mo,99,HOOS JR,85.1,43,45.4,55.8,48.8,0
C0460,P0169,1yr,,HOOS JR,,,,,,
C0461,P0349,preop,-14,KOOS JR,57.2,,30.8,71.5,35.8,0
C0461,P0349,6wk,45,KOOS JR,56.4,,37,50.5,41.3,0
C0461,P0349,3mo,80,KOOS JR,68.8,,47.1,59.9,50.4,0
C0461,P0349,1yr,387,KOOS JR,82.6,,42.2,50.6,46,0
C0462,P0134,preop,-11,KOOS JR,58.1,,32.5,47.5,37.3,1
C0462,P0134,6wk,42,KOOS JR,63.9,,38.1,55.8,42.3,0
C0462,P0134,3mo,89,KOOS JR,60,,46.3,51.8,49.7,1
C0462,P0134,1yr,365,KOOS JR,97.5,,39.6,52.3,43.7,0
C0463,P0463,preop,-17,KOOS JR,44,,33.9,37.4,38.5,0
C0463,P0463,6wk,42,KOOS JR,66.7,,35.7,48.1,40.1,0
C0463,P0463,3mo,82,KOOS JR,81.8,,37.4,33.2,41.6,0
C0463,P0463,1yr,365,KOOS JR,79.5,,42.7,53.7,46.4,0
C0464,P0010,preop,,HOOS JR,,,,,,
C0464,P0010,6wk,39,HOOS JR,61.6,31,33.5,60.7,38.1,1
C0464,P0010,3mo,86,HOOS JR,70.1,35,31.9,59.9,36.7,1
C0464,P0010,1yr,335,HOOS JR,85.4,41,35,48.5,39.5,0
C0465,P0313,preop,-14,HOOS JR,67.7,30,32.2,43.4,37,1
C0465,P0313,6wk,43,HOOS JR,86.3,42,31,42.2,35.9,1
C0465,P0313,3mo,89,HOOS JR,96.5,46,47.6,52.1,50.9,1
C0465,P0313,1yr,342,HOOS JR,87.3,38,38.4,65.6,42.5,0
C0466,P0444,preop,,KOOS JR,,,,,,
C0466,P0444,6wk,39,KOOS JR,75.2,,42.6,53.5,46.3,1
C0466,P0444,3mo,91,KOOS JR,85.8,,42.3,55.3,46.1,1
C0466,P0444,1yr,365,KOOS JR,75.8,,54.1,62.2,56.7,1
C0467,P0077,preop,-27,KOOS JR,32.6,,30.9,52.1,35.9,0
C0467,P0077,6wk,37,KOOS JR,67,,38.6,46.1,42.8,1
C0467,P0077,3mo,92,KOOS JR,69.5,,37.1,40.7,41.4,0
C0467,P0077,1yr,392,KOOS JR,85.2,,37.2,57.3,41.5,1
C0468,P0096,preop,-8,KOOS JR,51.5,,30.8,53.8,35.7,0
C0468,P0096,6wk,36,KOOS JR,60.6,,36.7,50.5,41,0
C0468,P0096,3mo,103,KOOS JR,76.4,,47.5,61.9,50.7,0
C0468,P0096,1yr,382,KOOS JR,83.6,,35.4,66.2,39.9,0
C0469,P0208,preop,-14,HOOS JR,54,25,31.9,57.3,36.7,0
C0469,P0208,6wk,,HOOS JR,,,,,,
C0469,P0208,3mo,93,HOOS JR,64.1,29,38.6,50.1,42.8,1
C0469,P0208,1yr,365,HOOS JR,79.5,36,33,41.1,37.7,0
C0470,P0395,preop,-14,HOOS JR,42.7,21,26.6,57.5,31.9,0
C0470,P0395,6wk,38,HOOS JR,71.3,32,39,49,43.1,0
C0470,P0395,3mo,79,HOOS JR,77,34,43.4,60.4,47.1,0
C0470,P0395,1yr,,HOOS JR,,,,,,
C0471,P0086,preop,-11,HOOS JR,50.6,23,33.8,32.4,38.4,1
C0471,P0086,6wk,42,HOOS JR,65.4,29,37.3,49,41.6,1
C0471,P0086,3mo,104,HOOS JR,74.2,34,46.9,52.7,50.2,0
C0471,P0086,1yr,356,HOOS JR,95.7,46,48.9,64.8,52,0
C0472,P0483,preop,-14,HOOS JR,55.9,30,20.3,62.5,26.3,1
C0472,P0483,6wk,,HOOS JR,,,,,,
C0472,P0483,3mo,82,HOOS JR,80.8,41,48.4,57.9,51.6,0
C0472,P0483,1yr,371,HOOS JR,100,48,42.5,54.1,46.2,0
C0473,P0425,preop,-5,KOOS JR,29.3,,38.3,35.5,42.4,1
C0473,P0425,6wk,42,KOOS JR,50.8,,32.2,60.7,37,1
C0473,P0425,3mo,90,KOOS JR,68.4,,46.4,51,49.8,0
C0473,P0425,1yr,347,KOOS JR,74.7,,46.3,52,49.6,0
C0474,P0209,preop,,HOOS JR,,,,,,
C0474,P0209,6wk,48,HOOS JR,84.3,45,23.6,68.1,29.3,1
C0474,P0209,3mo,,HOOS JR,,,,,,
C0474,P0209,1yr,,HOOS JR,,,,,,
C0475,P0231,preop,-1,KOOS JR,62.2,,40.5,43.4,44.4,0
C0475,P0231,6wk,36,KOOS JR,79.8,,32.8,41.4,37.5,0
C0475,P0231,3mo,80,KOOS JR,100,,51,60,53.9,0
C0475,P0231,1yr,,KOOS JR,,,,,,
C0476,P0138,preop,-3,KOOS JR,43.3,,29.5,24.1,34.6,0
C0476,P0138,6wk,42,KOOS JR,46.1,,40,58.7,44,1
C0476,P0138,3mo,90,KOOS JR,80.8,,41.1,59,45,0
C0476,P0138,1yr,347,KOOS JR,91.9,,40.3,62.1,44.3,0
C0477,P0299,preop,-8,HOOS JR,50.9,24,31.3,53.7,36.1,1
C0477,P0299,6wk,,HOOS JR,,,,,,
C0477,P0299,3mo,90,HOOS JR,80.3,40,44.1,49.8,47.7,0
C0477,P0299,1yr,,HOOS JR,,,,,,
C0478,P0043,preop,-14,HOOS JR,49.8,26,46.7,50.2,50,0
C0478,P0043,6wk,39,HOOS JR,61.2,25,25.7,51.2,31.1,0
C0478,P0043,3mo,102,HOOS JR,90.8,44,54.8,56.9,57.3,0
C0478,P0043,1yr,365,HOOS JR,78.6,40,48.7,68.4,51.9,0
C0479,P0433,preop,-14,HOOS JR,39.7,25,34.2,36.8,38.7,0
C0479,P0433,6wk,42,HOOS JR,69.8,36,39.3,44,43.3,1
C0479,P0433,3mo,,HOOS JR,,,,,,
C0479,P0433,1yr,,HOOS JR,,,,,,
C0480,P0361,preop,-10,HOOS JR,55.2,25,28.7,51.9,33.8,1
C0480,P0361,6wk,42,HOOS JR,64.5,29,33.7,38.7,38.3,0
C0480,P0361,3mo,93,HOOS JR,99.9,45,51.1,49.8,54,1
C0480,P0361,1yr,338,HOOS JR,93.8,46,39.7,39.5,43.8,0
C0481,P0359,preop,-14,KOOS JR,28.5,,28.5,59.5,33.6,0
C0481,P0359,6wk,42,KOOS JR,42.5,,36.5,41.6,40.8,0
C0481,P0359,3mo,100,KOOS JR,59.3,,35.2,51,39.6,0
C0481,P0359,1yr,365,KOOS JR,72.9,,45.9,51.7,49.3,0
C0482,P0325,preop,-10,HOOS JR,50.9,27,35.3,42.8,39.8,0
C0482,P0325,6wk,42,HOOS JR,67.3,35,39.9,66.9,43.9,1
C0482,P0325,3mo,77,HOOS JR,84.8,40,45.4,45.4,48.9,0
C0482,P0325,1yr,,HOOS JR,,,,,,
C0483,P0413,preop,-20,KOOS JR,56.3,,36,31,40.4,1
C0483,P0413,6wk,42,KOOS JR,76,,38.5,67.3,42.6,1
C0483,P0413,3mo,93,KOOS JR,89.9,,44.6,42,48.1,0
C0483,P0413,1yr,386,KOOS JR,100,,43.3,51.1,47,0
C0484,P0225,preop,-12,HOOS JR,61.8,32,31.8,63.2,36.6,1
C0484,P0225,6wk,40,HOOS JR,84,41,32.8,49.6,37.5,0
C0484,P0225,3mo,88,HOOS JR,100,48,43.2,32,46.9,0
C0484,P0225,1yr,365,HOOS JR,100,48,45.5,51.7,49,0
C0485,P0495,preop,-14,HOOS JR,32.4,14,30.1,53,35.1,0
C0485,P0495,6wk,42,HOOS JR,72,33,35.4,47.3,39.8,0
C0485,P0495,3mo,89,HOOS JR,74.1,35,36.3,60.4,40.7,1
C0485,P0495,1yr,375,HOOS JR,99.2,48,60.1,55.5,62.1,1
C0486,P0290,preop,-14,HOOS JR,25.6,12,20.9,52.7,26.8,1
C0486,P0290,6wk,,HOOS JR,,,,,,
C0486,P0290,3mo,93,HOOS JR,78.7,40,45.3,46.5,48.7,0
C0486,P0290,1yr,365,HOOS JR,79,40,39.2,43.6,43.3,0
C0487,P0072,preop,-14,KOOS JR,59.1,,17,33.3,23.3,1
C0487,P0072,6wk,39,KOOS JR,45.1,,29.3,61.7,34.4,1
C0487,P0072,3mo,90,KOOS JR,49.5,,29.6,57.9,34.6,0
C0487,P0072,1yr,394,KOOS JR,61.6,,33.5,47.7,38.2,0
C0488,P0002,preop,-14,KOOS JR,59.4,,34.8,43.8,39.3,0
C0488,P0002,6wk,42,KOOS JR,49.8,,24.7,53.1,30.2,0
C0488,P0002,3mo,79,KOOS JR,72.2,,44.9,50.4,48.4,0
C0488,P0002,1yr,,KOOS JR,,,,,,
C0489,P0392,preop,-19,HOOS JR,42.8,22,38.7,46.5,42.9,1
C0489,P0392,6wk,,HOOS JR,,,,,,
C0489,P0392,3mo,,HOOS JR,,,,,,
C0489,P0392,1yr,,HOOS JR,,,,,,
C0490,P0475,preop,-17,KOOS JR,29.8,,29.8,50.3,34.8,0
C0490,P0475,6wk,43,KOOS JR,53.4,,19.3,56.3,25.4,1
C0490,P0475,3mo,96,KOOS JR,76,,41.7,40,45.5,1
C0490,P0475,1yr,345,KOOS JR,69.2,,41.7,52.1,45.5,0
C0491,P0479,preop,-6,HOOS JR,49.5,21,36.3,50.3,40.7,0
C0491,P0479,6wk,45,HOOS JR,87.8,38,37.9,54.5,42.1,0
C0491,P0479,3mo,90,HOOS JR,84,43,40.9,41.2,44.8,1
C0491,P0479,1yr,380,HOOS JR,76.5,40,35.9,66.2,40.3,0
C0492,P0253,preop,-14,HOOS JR,48.4,24,37.4,37.9,41.7,1
C0492,P0253,6wk,36,HOOS JR,76.3,35,33.4,28.5,38.1,1
C0492,P0253,3mo,103,HOOS JR,100,43,50.2,52.9,53.2,1
C0492,P0253,1yr,393,HOOS JR,100,48,39.1,59.7,43.2,0
C0493,P0345,preop,-14,KOOS JR,57.6,,36,61.1,40.4,0
C0493,P0345,6wk,42,KOOS JR,41.9,,23.5,61,29.1,0
C0493,P0345,3mo,90,KOOS JR,74.4,,29.5,59.1,34.5,0
C0493,P0345,1yr,342,KOOS JR,69.9,,49.4,55.3,52.5,0
C0494,P0122,preop,-17,KOOS JR,57.6,,28.3,54.5,33.5,0
C0494,P0122,6wk,,KOOS JR,,,,,,
C0494,P0122,3mo,96,KOOS JR,84.5,,31.3,63.4,36.2,0
C0494,P0122,1yr,,KOOS JR,,,,,,
C0495,P0408,preop,-9,KOOS JR,50,,33.2,55.8,37.9,0
C0495,P0408,6wk,42,KOOS JR,70,,34.9,47.9,39.4,1
C0495,P0408,3mo,90,KOOS JR,91.7,,59.4,63.6,61.5,1
C0495,P0408,1yr,335,KOOS JR,100,,51,63.1,53.9,0
C0496,P0105,preop,-14,KOOS JR,29.4,,34.3,61.4,38.9,0
C0496,P0105,6wk,47,KOOS JR,45.4,,23.7,53.8,29.4,1
C0496,P0105,3mo,95,KOOS JR,66.7,,46.1,33.1,49.5,1
C0496,P0105,1yr,388,KOOS JR,88.2,,41.2,54.3,45,0
C0497,P0357,preop,-14,KOOS JR,39,,32.4,57.9,37.2,1
C0497,P0357,6wk,42,KOOS JR,46.5,,28.3,45.9,33.4,0
C0497,P0357,3mo,83,KOOS JR,59.6,,43.5,65.6,47.1,0
C0497,P0357,1yr,395,KOOS JR,71.3,,34.2,34,38.8,0
C0498,P0280,preop,-16,KOOS JR,44.2,,23.5,49.9,29.1,0
C0498,P0280,6wk,37,KOOS JR,63.5,,29.3,47.7,34.4,0
C0498,P0280,3mo,92,KOOS JR,89.3,,41.4,49.7,45.3,0
C0498,P0280,1yr,359,KOOS JR,92.3,,46.5,53.6,49.9,0
C0499,P0293,preop,-14,HOOS JR,23.8,10,30,39,35,0
C0499,P0293,6wk,42,HOOS JR,47.5,25,39.9,57.6,43.9,1
C0499,P0293,3mo,78,HOOS JR,70.1,34,46.5,53.9,49.9,0
C0499,P0293,1yr,365,HOOS JR,70.6,34,38,54.2,42.2,0
C0500,P0204,preop,-12,KOOS JR,66.8,,31.5,41.1,36.4,1
C0500,P0204,6wk,42,KOOS JR,73.1,,42.5,44.9,46.3,0
C0500,P0204,3mo,101,KOOS JR,82.4,,42.2,42.4,46,0
C0500,P0204,1yr,366,KOOS JR,72.3,,38.6,48,42.7,1
C0501,P0405,preop,-14,KOOS JR,52.9,,29.9,51.3,34.9,0
C0501,P0405,6wk,41,KOOS JR,54.7,,30.5,40.9,35.4,1
C0501,P0405,3mo,,KOOS JR,,,,,,
C0501,P0405,1yr,340,KOOS JR,100,,52,52.2,54.8,0
C0502,P0506,preop,,HOOS JR,,,,,,
C0502,P0506,6wk,47,HOOS JR,69.4,32,36,64.1,40.4,1
C0502,P0506,3mo,,HOOS JR,,,,,,
C0502,P0506,1yr,,HOOS JR,,,,,,
C0503,P0127,preop,-20,HOOS JR,56.4,24,35.4,34.2,39.8,0
C0503,P0127,6wk,42,HOOS JR,68.1,34,31.5,46,36.3,0
C0503,P0127,3mo,78,HOOS JR,90.5,43,40.7,53,44.7,1
C0503,P0127,1yr,360,HOOS JR,93.5,40,47,42.6,50.3,0
C0504,P0245,preop,-14,HOOS JR,62.2,32,42.1,52.4,45.9,0
C0504,P0245,6wk,42,HOOS JR,83.5,41,38.2,60.9,42.4,0
C0504,P0245,3mo,,HOOS JR,,,,,,
C0504,P0245,1yr,384,HOOS JR,100,48,57,66.3,59.3,0
C0505,P0078,preop,-3,HOOS JR,55.5,27,47,46.5,50.3,1
C0505,P0078,6wk,42,HOOS JR,63.4,30,40.5,41.4,44.4,1
C0505,P0078,3mo,86,HOOS JR,92.3,41,43.7,38.3,47.3,0
C0505,P0078,1yr,360,HOOS JR,75.1,35,44.4,70.2,47.9,0
C0506,P0313,preop,-23,HOOS JR,39.7,23,28.4,53.4,33.6,0
C0506,P0313,6wk,42,HOOS JR,79.5,42,34.3,60.6,38.8,1
C0506,P0313,3mo,90,HOOS JR,89.3,43,48.7,64.7,51.8,1
C0506,P0313,1yr,348,HOOS JR,83.8,41,38.8,54.3,42.9,0
C0507,P0049,preop,-19,KOOS JR,55,,33.8,28,38.4,1
C0507,P0049,6wk,42,KOOS JR,75.1,,36.4,46.7,40.7,0
C0507,P0049,3mo,90,KOOS JR,81.6,,39.2,39.4,43.3,0
C0507,P0049,1yr,377,KOOS JR,100,,55.4,59.6,57.8,0
C0508,P0052,preop,-23,KOOS JR,72.9,,34.6,69,39.1,0
C0508,P0052,6wk,45,KOOS JR,55.2,,33.2,40,37.9,0
C0508,P0052,3mo,,KOOS JR,,,,,,
C0508,P0052,1yr,377,KOOS JR,96.5,,47.4,57.8,50.7,0
C0509,P0046,preop,-14,KOOS JR,57.2,,29.1,65.6,34.2,0
C0509,P0046,6wk,48,KOOS JR,64.7,,36,46.3,40.4,0
C0509,P0046,3mo,81,KOOS JR,81.5,,50,51.2,53,0
C0509,P0046,1yr,376,KOOS JR,89.4,,40.6,48.4,44.5,1
C0510,P0183,preop,-20,KOOS JR,40.5,,28.2,54.6,33.4,0
C0510,P0183,6wk,42,KOOS JR,61.8,,28.3,56.6,33.5,0
C0510,P0183,3mo,,KOOS JR,,,,,,
C0510,P0183,1yr,,KOOS JR,,,,,,
C0511,P0184,preop,-14,KOOS JR,61.9,,30.6,45,35.5,0
C0511,P0184,6wk,42,KOOS JR,69,,43.9,22.6,47.5,0
C0511,P0184,3mo,77,KOOS JR,84.3,,36.7,64.8,41,0
C0511,P0184,1yr,365,KOOS JR,86.9,,46.9,43.8,50.2,0
C0512,P0406,preop,-8,KOOS JR,61.6,,38.9,47.2,43,1
C0512,P0406,6wk,42,KOOS JR,58.5,,33.7,54.4,38.4,1
C0512,P0406,3mo,90,KOOS JR,66.3,,34,53.8,38.6,0
C0512,P0406,1yr,,KOOS JR,,,,,,
C0513,P0456,preop,-3,HOOS JR,42.3,19,23.8,43.9,29.4,1
C0513,P0456,6wk,46,HOOS JR,58.7,26,43,45.5,46.7,1
C0513,P0456,3mo,,HOOS JR,,,,,,
C0513,P0456,1yr,,HOOS JR,,,,,,
C0514,P0131,preop,-3,HOOS JR,36,15,39.1,45.2,43.2,0
C0514,P0131,6wk,37,HOOS JR,72.2,31,34.3,60.5,38.8,0
C0514,P0131,3mo,,HOOS JR,,,,,,
C0514,P0131,1yr,380,HOOS JR,87.3,42,35,60.5,39.5,0
C0515,P0065,preop,-8,KOOS JR,36.5,,22.4,43.9,28.2,1
C0515,P0065,6wk,36,KOOS JR,57.8,,38.5,58.7,42.6,0
C0515,P0065,3mo,98,KOOS JR,65.7,,41.9,55,45.7,0
C0515,P0065,1yr,378,KOOS JR,100,,48.7,46.9,51.8,0
C0516,P0010,preop,-15,HOOS JR,60.3,33,28.5,53.6,33.6,1
C0516,P0010,6wk,,HOOS JR,,,,,,
C0516,P0010,3mo,96,HOOS JR,69.1,34,31.7,41.9,36.5,0
C0516,P0010,1yr,385,HOOS JR,86,40,55.3,44.4,57.8,0
C0517,P0445,preop,-20,HOOS JR,45.7,24,21.5,45.1,27.4,0
C0517,P0445,6wk,42,HOOS JR,43.1,21,32.6,37.5,37.3,1
C0517,P0445,3mo,,HOOS JR,,,,,,
C0517,P0445,1yr,382,HOOS JR,94.8,46,54.5,51,57.1,0
C0518,P0222,preop,,KOOS JR,,,,,,
C0518,P0222,6wk,39,KOOS JR,62.7,,41.7,49.1,45.5,1
C0518,P0222,3mo,102,KOOS JR,70,,42.6,69.4,46.4,0
C0518,P0222,1yr,,KOOS JR,,,,,,
C0519,P0430,preop,-23,KOOS JR,29.3,,33.8,53.8,38.4,0
C0519,P0430,6wk,42,KOOS JR,45.9,,33.8,56.7,38.4,1
C0519,P0430,3mo,,KOOS JR,,,,,,
C0519,P0430,1yr,,KOOS JR,,,,,,
C0520,P0267,preop,-8,KOOS JR,72,,34,45.2,38.6,1
C0520,P0267,6wk,46,KOOS JR,79,,30.6,54.8,35.6,1
C0520,P0267,3mo,,KOOS JR,,,,,,
C0520,P0267,1yr,,KOOS JR,,,,,,
C0521,P0325,preop,-14,HOOS JR,45.3,26,28.6,54.4,33.7,0
C0521,P0325,6wk,45,HOOS JR,61.4,29,37.1,50,41.4,1
C0521,P0325,3mo,,HOOS JR,,,,,,
C0521,P0325,1yr,,HOOS JR,,,,,,
C0522,P0429,preop,-6,HOOS JR,39.9,16,36.9,57.7,41.2,0
C0522,P0429,6wk,42,HOOS JR,60.9,29,50.2,53.9,53.2,1
C0522,P0429,3mo,101,HOOS JR,53.2,21,29,50.6,34.1,1
C0522,P0429,1yr,357,HOOS JR,69.4,37,26.1,60.9,31.4,0
C0523,P0362,preop,,KOOS JR,,,,,,
C0523,P0362,6wk,42,KOOS JR,66.9,,39.1,29.7,43.2,1
C0523,P0362,3mo,95,KOOS JR,99.3,,36.9,58.7,41.2,1
C0523,P0362,1yr,357,KOOS JR,89.9,,44,57,47.6,0
C0524,P0218,preop,-14,HOOS JR,72.1,35,36.5,50.3,40.8,0
C0524,P0218,6wk,42,HOOS JR,69,31,34.8,48.4,39.3,0
C0524,P0218,3mo,,HOOS JR,,,,,,
C0524,P0218,1yr,342,HOOS JR,100,48,56.3,51.1,58.7,0
C0525,P0247,preop,-14,HOOS JR,49.2,25,34.2,50.8,38.8,0
C0525,P0247,6wk,36,HOOS JR,85.7,42,41.7,49,45.5,1
C0525,P0247,3mo,90,HOOS JR,100,48,43.6,59.3,47.3,0
C0525,P0247,1yr,388,HOOS JR,93.5,48,54.5,60.4,57.1,0
C0526,P0474,preop,-13,HOOS JR,39.3,20,33.9,44.7,38.5,1
C0526,P0474,6wk,42,HOOS JR,72.1,34,39.4,44.4,43.4,1
C0526,P0474,3mo,85,HOOS JR,90.5,43,46,68.3,49.4,1
C0526,P0474,1yr,391,HOOS JR,100,47,48.7,43.7,51.8,0
C0527,P0397,preop,-14,KOOS JR,77.8,,32.7,63.7,37.4,0
C0527,P0397,6wk,,KOOS JR,,,,,,
C0527,P0397,3mo,100,KOOS JR,71.9,,50.2,31.6,53.2,0
C0527,P0397,1yr,358,KOOS JR,89.4,,51.7,53.8,54.5,0
C0528,P0289,preop,-22,KOOS JR,54.5,,24.1,50.4,29.7,0
C0528,P0289,6wk,37,KOOS JR,61.3,,48.8,49.2,51.9,1
C0528,P0289,3mo,78,KOOS JR,56.7,,40.2,43.3,44.2,1
C0528,P0289,1yr,,KOOS JR,,,,,,
C0529,P0030,preop,-14,HOOS JR,44.5,21,31.4,43.9,36.3,1
C0529,P0030,6wk,42,HOOS JR,75.5,34,42.1,43.9,45.9,0
C0529,P0030,3mo,97,HOOS JR,87.5,42,52,58.5,54.8,0
C0529,P0030,1yr,353,HOOS JR,89.6,41,41.6,54.7,45.4,1
C0530,P0001,preop,-9,KOOS JR,59,,34.7,32.2,39.2,0
C0530,P0001,6wk,47,KOOS JR,66,,36.7,49.3,41,0
C0530,P0001,3mo,89,KOOS JR,66.8,,34.9,43.9,39.4,0
C0530,P0001,1yr,382,KOOS JR,86.4,,52.3,51.2,55.1,0
C0531,P0292,preop,-21,KOOS JR,71.4,,29.7,34.4,34.7,1
C0531,P0292,6wk,37,KOOS JR,48.9,,45.9,50.9,49.3,1
C0531,P0292,3mo,100,KOOS JR,77.5,,42.7,55.3,46.4,1
C0531,P0292,1yr,343,KOOS JR,83.3,,45.2,52.1,48.7,0
C0532,P0334,preop,-14,HOOS JR,67.5,36,37.7,46.9,41.9,0
C0532,P0334,6wk,39,HOOS JR,74.3,34,34.8,58.9,39.3,1
C0532,P0334,3mo,90,HOOS JR,100,48,32.2,60.9,37,0
C0532,P0334,1yr,366,HOOS JR,100,48,43.5,52.4,47.1,0
C0533,P0188,preop,-13,KOOS JR,48.8,,19.3,47.4,25.4,1
C0533,P0188,6wk,35,KOOS JR,54.5,,24.4,49.5,29.9,1
C0533,P0188,3mo,90,KOOS JR,55.6,,44,60.9,47.6,0
C0533,P0188,1yr,365,KOOS JR,73.1,,33.7,63,38.3,1
C0534,P0138,preop,-14,KOOS JR,60.3,,39.3,57.9,43.4,0
C0534,P0138,6wk,42,KOOS JR,68.1,,38,48.5,42.2,1
C0534,P0138,3mo,101,KOOS JR,72.2,,41,56.3,44.9,0
C0534,P0138,1yr,385,KOOS JR,90.2,,45.6,47.3,49.1,0
C0535,P0312,preop,-14,HOOS JR,51.6,22,24.1,51.3,29.7,0
C0535,P0312,6wk,47,HOOS JR,61,33,25.6,50.1,31,1
C0535,P0312,3mo,,HOOS JR,,,,,,
C0535,P0312,1yr,339,HOOS JR,99.6,48,33.2,63.3,37.9,0
C0536,P0077,preop,-21,KOOS JR,47.9,,28.6,42.2,33.7,0
C0536,P0077,6wk,47,KOOS JR,59.4,,41.8,39.7,45.6,1
C0536,P0077,3mo,80,KOOS JR,95.4,,42.8,50.8,46.5,0
C0536,P0077,1yr,384,KOOS JR,100,,48.7,47.8,51.8,0
C0537,P0296,preop,-8,HOOS JR,38.4,16,30.6,69.7,35.5,0
C0537,P0296,6wk,39,HOOS JR,59.8,31,35.6,51.4,40.1,1
C0537,P0296,3mo,,HOOS JR,,,,,,
C0537,P0296,1yr,347,HOOS JR,77.4,39,48,39,51.2,1
C0538,P0189,preop,-8,KOOS JR,53.6,,28.5,35.4,33.6,0
C0538,P0189,6wk,40,KOOS JR,72,,38.8,63.5,43,1
C0538,P0189,3mo,90,KOOS JR,71.5,,46.6,38.1,49.9,0
C0538,P0189,1yr,372,KOOS JR,81.6,,46.2,46.7,49.6,0
C0539,P0262,preop,-6,KOOS JR,33.9,,26.5,47.2,31.8,1
C0539,P0262,6wk,47,KOOS JR,59,,36.2,65.6,40.6,1
C0539,P0262,3mo,91,KOOS JR,55.5,,40.2,59.9,44.2,1
C0539,P0262,1yr,365,KOOS JR,68.3,,44.6,55.9,48.1,0
C0540,P0101,preop,-14,HOOS JR,34.6,14,29.9,36.8,34.9,1
C0540,P0101,6wk,42,HOOS JR,72,32,39.8,39.6,43.8,0
C0540,P0101,3mo,81,HOOS JR,75.3,39,40.7,54.5,44.6,1
C0540,P0101,1yr,365,HOOS JR,84.9,37,45.8,59.7,49.2,0
C0541,P0057,preop,-14,KOOS JR,28.3,,27.3,45.8,32.6,0
C0541,P0057,6wk,44,KOOS JR,53.3,,33.4,60.3,38.1,0
C0541,P0057,3mo,90,KOOS JR,73.7,,37.8,64.7,42,1
C0541,P0057,1yr,391,KOOS JR,97.3,,54.6,58.6,57.1,1
C0542,P0211,preop,-26,KOOS JR,49.4,,38.7,59.4,42.8,0
C0542,P0211,6wk,46,KOOS JR,69.4,,37,55.6,41.3,1
C0542,P0211,3mo,102,KOOS JR,71.4,,32.3,36,37.1,0
C0542,P0211,1yr,,KOOS JR,,,,,,
C0543,P0492,preop,-23,KOOS JR,75.5,,33,42.1,37.7,1
C0543,P0492,6wk,42,KOOS JR,84.4,,54.8,47.3,57.3,1
C0543,P0492,3mo,82,KOOS JR,97.6,,41.5,61.1,45.4,0
C0543,P0492,1yr,377,KOOS JR,100,,47.6,58.4,50.8,0
C0544,P0141,preop,-14,KOOS JR,40.8,,22.4,45,28.2,0
C0544,P0141,6wk,,KOOS JR,,,,,,
C0544,P0141,3mo,90,KOOS JR,85.9,,37.7,45,41.9,0
C0544,P0141,1yr,380,KOOS JR,89.6,,53.3,57.2,55.9,0
C0545,P0060,preop,-27,KOOS JR,59.8,,30.6,43.5,35.6,1
C0545,P0060,6wk,41,KOOS JR,75.4,,37.3,29.4,41.6,0
C0545,P0060,3mo,91,KOOS JR,85.2,,42.7,51.3,46.4,0
C0545,P0060,1yr,384,KOOS JR,100,,52.6,34.7,55.3,0
C0546,P0371,preop,-14,KOOS JR,57.3,,25.8,55.1,31.2,0
C0546,P0371,6wk,42,KOOS JR,56.7,,25.5,57.1,31,0
C0546,P0371,3mo,84,KOOS JR,78.2,,46.3,41.5,49.7,0
C0546,P0371,1yr,361,KOOS JR,81.7,,43,63.1,46.7,0
C0547,P0290,preop,-14,HOOS JR,53,24,37.2,55.1,41.5,0
C0547,P0290,6wk,35,HOOS JR,78.8,38,40.7,65.6,44.6,1
C0547,P0290,3mo,84,HOOS JR,75.5,41,46,53,49.4,1
C0547,P0290,1yr,367,HOOS JR,93.5,48,49.3,62.1,52.4,0
C0548,P0117,preop,,KOOS JR,,,,,,
C0548,P0117,6wk,39,KOOS JR,64.8,,38.9,60.6,43,1
C0548,P0117,3mo,102,KOOS JR,60,,32.9,54.7,37.6,0
C0548,P0117,1yr,355,KOOS JR,95,,47.9,60,51.1,0
C0549,P0350,preop,-18,KOOS JR,41.1,,28.3,44.2,33.5,0
C0549,P0350,6wk,38,KOOS JR,53.4,,32.7,39.6,37.4,0
C0549,P0350,3mo,95,KOOS JR,61.3,,31.7,59.4,36.5,1
C0549,P0350,1yr,,KOOS JR,,,,,,
C0550,P0441,preop,-14,KOOS JR,50.5,,33.5,70.1,38.1,0
C0550,P0441,6wk,42,KOOS JR,66.8,,32.9,66.5,37.6,0
C0550,P0441,3mo,84,KOOS JR,88.3,,54.3,46.4,56.8,1
C0550,P0441,1yr,,KOOS JR,,,,,,
C0551,P0275,preop,-24,KOOS JR,54.9,,36,43.6,40.4,0
C0551,P0275,6wk,40,KOOS JR,58.8,,26.6,43.9,31.9,0
C0551,P0275,3mo,101,KOOS JR,73.1,,43.5,42.7,47.1,1
C0551,P0275,1yr,354,KOOS JR,84.2,,42.5,59.5,46.2,0
C0552,P0407,preop,-21,KOOS JR,48.7,,33.4,35.4,38.1,0
C0552,P0407,6wk,,KOOS JR,,,,,,
C0552,P0407,3mo,90,KOOS JR,73.7,,45.7,47.5,49.2,0
C0552,P0407,1yr,365,KOOS JR,74.7,,34.9,60.8,39.4,0
C0553,P0151,preop,-5,HOOS JR,33.9,15,30.3,49.3,35.3,0
C0553,P0151,6wk,45,HOOS JR,68.1,33,29.8,38.4,34.9,0
C0553,P0151,3mo,82,HOOS JR,91,47,33.2,57.5,37.9,1
C0553,P0151,1yr,,HOOS JR,,,,,,
C0554,P0078,preop,-14,HOOS JR,62,31,48.1,46.4,51.3,0
C0554,P0078,6wk,,HOOS JR,,,,,,
C0554,P0078,3mo,88,HOOS JR,87.9,45,46,57.5,49.4,0
C0554,P0078,1yr,365,HOOS JR,95.1,42,44.5,53,48,1
C0555,P0471,preop,-22,KOOS JR,48.5,,30.1,47.3,35.1,0
C0555,P0471,6wk,42,KOOS JR,58.5,,32.1,43.1,36.9,1
C0555,P0471,3mo,84,KOOS JR,87.7,,39.4,39.4,43.5,0
C0555,P0471,1yr,389,KOOS JR,89.8,,43.9,27,47.5,0
C0556,P0130,preop,-14,KOOS JR,33.2,,35.6,51.7,40,0
C0556,P0130,6wk,39,KOOS JR,53.7,,23.1,43.7,28.8,1
C0556,P0130,3mo,90,KOOS JR,61.3,,28.6,63.2,33.7,1
C0556,P0130,1yr,365,KOOS JR,68.2,,46.4,58.8,49.7,0
C0557,P0318,preop,-14,HOOS JR,43.7,25,26.5,48.3,31.8,0
C0557,P0318,6wk,39,HOOS JR,64.3,29,41.2,52.9,45,1
C0557,P0318,3mo,,HOOS JR,,,,,,
C0557,P0318,1yr,,HOOS JR,,,,,,
C0558,P0016,preop,-14,HOOS JR,34.9,16,27,54.1,32.3,1
C0558,P0016,6wk,42,HOOS JR,70.4,32,43.4,32.5,47,1
C0558,P0016,3mo,,HOOS JR,,,,,,
C0558,P0016,1yr,341,HOOS JR,69,33,34.8,50.9,39.4,0
C0559,P0385,preop,-23,HOOS JR,37.7,17,32.5,55.7,37.3,1
C0559,P0385,6wk,42,HOOS JR,51.4,24,30.7,69.7,35.6,1
C0559,P0385,3mo,90,HOOS JR,65.3,29,35.5,42.4,39.9,0
C0559,P0385,1yr,,HOOS JR,,,,,,
C0560,P0097,preop,-22,HOOS JR,41,17,45,26,48.5,0
C0560,P0097,6wk,37,HOOS JR,60.7,28,27.9,53.1,33.1,1
C0560,P0097,3mo,102,HOOS JR,78,38,41.7,47.6,45.6,0
C0560,P0097,1yr,,HOOS JR,,,,,,
C0561,P0167,preop,-14,HOOS JR,53.6,23,42.1,44.3,45.9,1
C0561,P0167,6wk,42,HOOS JR,69.8,40,21.9,51,27.7,0
C0561,P0167,3mo,87,HOOS JR,92.5,43,43.8,30.4,47.4,0
C0561,P0167,1yr,365,HOOS JR,89.4,42,53.6,58,56.2,1
C0562,P0194,preop,-3,KOOS JR,36.7,,22.6,52.8,28.3,1
C0562,P0194,6wk,42,KOOS JR,55.1,,37.6,54.3,41.9,0
C0562,P0194,3mo,77,KOOS JR,71.8,,46.3,54,49.6,0
C0562,P0194,1yr,363,KOOS JR,66.1,,53.2,50.3,55.9,0
C0563,P0004,preop,-14,KOOS JR,40,,31.9,44.4,36.7,0
C0563,P0004,6wk,44,KOOS JR,54.9,,27.7,57.8,32.9,0
C0563,P0004,3mo,88,KOOS JR,52.2,,45.8,53.2,49.2,0
C0563,P0004,1yr,,KOOS JR,,,,,,
C0564,P0206,preop,-14,HOOS JR,30.5,15,26.2,48.4,31.6,1
C0564,P0206,6wk,49,HOOS JR,67.9,33,35.5,47.9,40,0
C0564,P0206,3mo,90,HOOS JR,67.8,29,45.3,61.6,48.8,0
C0564,P0206,1yr,365,HOOS JR,90,44,39,59.6,43.1,0
C0565,P0518,preop,-14,KOOS JR,18.5,,10.4,46.5,17.4,0
C0565,P0518,6wk,39,KOOS JR,60,,29.3,50,34.4,1
C0565,P0518,3mo,90,KOOS JR,62.2,,38.7,62,42.9,0
C0565,P0518,1yr,377,KOOS JR,66.7,,39.8,66.9,43.8,0
C0566,P0333,preop,-2,KOOS JR,39,,32,31.5,36.8,0
C0566,P0333,6wk,42,KOOS JR,46.7,,31.7,46.9,36.6,0
C0566,P0333,3mo,94,KOOS JR,66.2,,33.9,57.8,38.5,0
C0566,P0333,1yr,367,KOOS JR,89.6,,45.4,57.6,48.9,0
C0567,P0498,preop,-2,HOOS JR,36.8,19,28,52.4,33.2,0
C0567,P0498,6wk,48,HOOS JR,61.2,30,36.2,51.9,40.6,1
C0567,P0498,3mo,81,HOOS JR,71.8,31,38.2,49,42.4,1
C0567,P0498,1yr,361,HOOS JR,92.4,45,54,53.2,56.6,0
C0568,P0489,preop,-8,HOOS JR,56.7,26,35.1,49.1,39.6,0
C0568,P0489,6wk,42,HOOS JR,81.9,37,38.3,38.9,42.4,1
C0568,P0489,3mo,92,HOOS JR,95.7,48,46.1,44.9,49.5,1
C0568,P0489,1yr,,HOOS JR,,,,,,
C0569,P0378,preop,-18,KOOS JR,59.4,,33,61.8,37.7,1
C0569,P0378,6wk,,KOOS JR,,,,,,
C0569,P0378,3mo,98,KOOS JR,77.6,,51,46.7,53.9,1
C0569,P0378,1yr,365,KOOS JR,99.9,,51.6,52.6,54.4,0
C0570,P0282,preop,-13,KOOS JR,46.6,,29.4,62.5,34.5,0
C0570,P0282,6wk,42,KOOS JR,60.7,,22.6,59.1,28.4,1
C0570,P0282,3mo,90,KOOS JR,62.9,,48.5,59.7,51.6,0
C0570,P0282,1yr,365,KOOS JR,89.8,,55.1,70.5,57.6,0
C0571,P0437,preop,-10,KOOS JR,46.6,,33.7,42.5,38.4,0
C0571,P0437,6wk,41,KOOS JR,71.1,,33.5,52.3,38.2,1
C0571,P0437,3mo,,KOOS JR,,,,,,
C0571,P0437,1yr,,KOOS JR,,,,,,
C0572,P0075,preop,-14,HOOS JR,42.6,18,40.2,55.2,44.2,1
C0572,P0075,6wk,,HOOS JR,,,,,,
C0572,P0075,3mo,90,HOOS JR,79.1,35,45.5,45.6,49,0
C0572,P0075,1yr,351,HOOS JR,100,45,40.5,50.7,44.4,0
C0573,P0363,preop,-20,KOOS JR,54.6,,24.1,49.6,29.7,0
C0573,P0363,6wk,41,KOOS JR,49.6,,34.9,54,39.4,1
C0573,P0363,3mo,,KOOS JR,,,,,,
C0573,P0363,1yr,,KOOS JR,,,,,,
C0574,P0240,preop,-18,KOOS JR,57.3,,29.4,59.4,34.4,1
C0574,P0240,6wk,,KOOS JR,,,,,,
C0574,P0240,3mo,90,KOOS JR,79.5,,39.8,59.9,43.8,0
C0574,P0240,1yr,365,KOOS JR,85.3,,47.2,47.3,50.5,1
C0575,P0167,preop,-18,HOOS JR,57.3,26,40.2,37.6,44.2,0
C0575,P0167,6wk,41,HOOS JR,72.6,37,34.6,40.5,39.2,0
C0575,P0167,3mo,98,HOOS JR,82.4,43,43.3,52.4,46.9,0
C0575,P0167,1yr,365,HOOS JR,85.5,35,50.3,62.6,53.3,0
C0576,P0195,preop,-2,KOOS JR,37.9,,31,56.8,35.9,0
C0576,P0195,6wk,42,KOOS JR,62,,37.7,55.6,42,0
C0576,P0195,3mo,86,KOOS JR,80.8,,47.4,59.6,50.6,0
C0576,P0195,1yr,338,KOOS JR,93.8,,50.1,39.4,53.1,0
C0577,P0410,preop,-14,KOOS JR,42.8,,21.5,54,27.4,1
C0577,P0410,6wk,42,KOOS JR,57.7,,26.6,61.4,32,1
C0577,P0410,3mo,90,KOOS JR,64.1,,34.1,48.4,38.7,0
C0577,P0410,1yr,391,KOOS JR,82.5,,42.3,61.4,46.1,0
C0578,P0480,preop,-14,KOOS JR,41,,25.2,48.9,30.7,0
C0578,P0480,6wk,,KOOS JR,,,,,,
C0578,P0480,3mo,,KOOS JR,,,,,,
C0578,P0480,1yr,364,KOOS JR,90.5,,47.3,48.6,50.6,0
C0579,P0491,preop,-24,KOOS JR,51.5,,37.8,41.4,42.1,0
C0579,P0491,6wk,,KOOS JR,,,,,,
C0579,P0491,3mo,89,KOOS JR,82.7,,41.5,56.8,45.3,0
C0579,P0491,1yr,365,KOOS JR,77.2,,54.7,55.2,57.2,0
C0580,P0172,preop,-11,HOOS JR,34.5,15,25.6,41,31,0
C0580,P0172,6wk,43,HOOS JR,69.3,30,23,53.3,28.7,0
C0580,P0172,3mo,102,HOOS JR,100,48,38.7,46.4,42.8,0
C0580,P0172,1yr,365,HOOS JR,95.3,47,53,47.2,55.7,0
C0581,P0333,preop,-17,KOOS JR,51.5,,20.3,46,26.3,0
C0581,P0333,6wk,44,KOOS JR,60.8,,35.9,47.7,40.3,1
C0581,P0333,3mo,82,KOOS JR,78,,43.6,49.7,47.2,0
C0581,P0333,1yr,357,KOOS JR,84.2,,53.4,43.5,56.1,0
C0582,P0358,preop,-16,HOOS JR,19.2,8,25.9,47.9,31.3,1
C0582,P0358,6wk,42,HOOS JR,51.9,25,43.5,62.8,47.1,1
C0582,P0358,3mo,101,HOOS JR,52.1,31,30.6,68.4,35.5,1
C0582,P0358,1yr,,HOOS JR,,,,,,
C0583,P0068,preop,-14,KOOS JR,56.8,,33,62.5,37.7,0
C0583,P0068,6wk,42,KOOS JR,63.7,,40.7,43.1,44.6,1
C0583,P0068,3mo,90,KOOS JR,66.6,,40,64.7,44,1
C0583,P0068,1yr,365,KOOS JR,98.3,,45.5,77.3,48.9,0
C0584,P0441,preop,-9,KOOS JR,39.8,,26.7,48.3,32.1,1
C0584,P0441,6wk,48,KOOS JR,57.2,,30.4,49.2,35.4,0
C0584,P0441,3mo,80,KOOS JR,79.3,,43,59.9,46.7,0
C0584,P0441,1yr,368,KOOS JR,88.6,,41.4,54.4,45.3,1
C0585,P0512,preop,-14,KOOS JR,37.7,,35.6,77.9,40,0
C0585,P0512,6wk,49,KOOS JR,51.7,,41.8,58.5,45.6,1
C0585,P0512,3mo,90,KOOS JR,67.2,,32.2,43.3,37,1
C0585,P0512,1yr,,KOOS JR,,,,,,
C0586,P0070,preop,-9,HOOS JR,52.8,23,33.3,38.4,37.9,0
C0586,P0070,6wk,46,HOOS JR,70.9,35,31.5,64.7,36.3,1
C0586,P0070,3mo,102,HOOS JR,77.7,44,49.5,54.4,52.5,1
C0586,P0070,1yr,,HOOS JR,,,,,,
C0587,P0046,preop,-14,KOOS JR,34.6,,27.8,54,33,0
C0587,P0046,6wk,37,KOOS JR,72,,38.1,55.2,42.2,0
C0587,P0046,3mo,90,KOOS JR,62.5,,32.4,53.2,37.1,0
C0587,P0046,1yr,351,KOOS JR,56.3,,36.3,38.7,40.7,0
C0588,P0309,preop,-26,HOOS JR,54,27,25.1,59.7,30.6,0
C0588,P0309,6wk,38,HOOS JR,74.7,39,38.2,59.3,42.4,0
C0588,P0309,3mo,90,HOOS JR,96.5,47,38.3,49.2,42.4,0
C0588,P0309,1yr,,HOOS JR,,,,,,
C0589,P0459,preop,-12,KOOS JR,39.9,,17.3,49.5,23.6,0
C0589,P0459,6wk,45,KOOS JR,53.9,,30.2,54.2,35.2,1
C0589,P0459,3mo,95,KOOS JR,51.4,,46.1,54.8,49.5,1
C0589,P0459,1yr,354,KOOS JR,55,,41.9,41.8,45.7,1
C0590,P0155,preop,-14,HOOS JR,53.7,30,30.1,53.4,35,0
C0590,P0155,6wk,43,HOOS JR,69.9,36,40.3,57.6,44.3,1
C0590,P0155,3mo,89,HOOS JR,77.4,40,44.9,52.8,48.4,0
C0590,P0155,1yr,,HOOS JR,,,,,,
C0591,P0442,preop,-5,KOOS JR,52.9,,38.8,40.9,43,1
C0591,P0442,6wk,42,KOOS JR,42.1,,45.6,59.3,49,1
C0591,P0442,3mo,86,KOOS JR,54.6,,43.7,53.4,47.3,0
C0591,P0442,1yr,356,KOOS JR,68.7,,45.5,45.3,48.9,0
C0592,P0310,preop,,HOOS JR,,,,,,
C0592,P0310,6wk,42,HOOS JR,83.1,39,39.2,53.8,43.3,0
C0592,P0310,3mo,81,HOOS JR,100,48,46.3,30,49.7,1
C0592,P0310,1yr,,HOOS JR,,,,,,
C0593,P0195,preop,-10,KOOS JR,27.1,,31.6,46,36.4,0
C0593,P0195,6wk,40,KOOS JR,57.4,,37.8,49.1,42,1
C0593,P0195,3mo,90,KOOS JR,62.2,,47.7,59.5,51,1
C0593,P0195,1yr,358,KOOS JR,90.2,,43.6,41.5,47.2,0
C0594,P0172,preop,-14,HOOS JR,60.8,33,25.4,54.8,30.9,0
C0594,P0172,6wk,42,HOOS JR,73.3,38,31.2,68.7,36.1,1
C0594,P0172,3mo,90,HOOS JR,89.6,42,33.2,65.5,37.9,1
C0594,P0172,1yr,,HOOS JR,,,,,,
C0595,P0130,preop,-22,KOOS JR,33.3,,25.8,50.9,31.2,0
C0595,P0130,6wk,44,KOOS JR,43.1,,24,54.4,29.6,0
C0595,P0130,3mo,80,KOOS JR,59.3,,40.4,39.3,44.3,1
C0595,P0130,1yr,365,KOOS JR,69.2,,44.9,52.5,48.4,0
C0596,P0240,preop,-2,KOOS JR,44.7,,28.8,55.4,33.9,0
C0596,P0240,6wk,45,KOOS JR,55.1,,39.7,56.1,43.7,1
C0596,P0240,3mo,81,KOOS JR,70.5,,46.4,54.9,49.7,0
C0596,P0240,1yr,380,KOOS JR,66.7,,52.1,53.6,54.9,0
C0597,P0101,preop,-12,HOOS JR,59.2,24,25,35.9,30.5,0
C0597,P0101,6wk,42,HOOS JR,80.6,45,34.6,61.6,39.1,1
C0597,P0101,3mo,77,HOOS JR,93.1,45,50.6,55.1,53.5,1
C0597,P0101,1yr,384,HOOS JR,91.2,41,40,60.6,44,0
C0598,P0117,preop,-14,KOOS JR,35.4,,24.9,43,30.4,1
C0598,P0117,6wk,42,KOOS JR,55.8,,28.8,48.7,33.9,0
C0598,P0117,3mo,90,KOOS JR,76.7,,46.1,54.8,49.5,1
C0598,P0117,1yr,359,KOOS JR,79.9,,37.8,49.5,42,1
C0599,P0385,preop,-17,HOOS JR,32.8,14,39.7,45,43.8,0
C0599,P0385,6wk,42,HOOS JR,57,28,20.7,51.2,26.7,1
C0599,P0385,3mo,90,HOOS JR,65.7,30,37.8,56.6,42.1,0
C0599,P0385,1yr,,HOOS JR,,,,,,
C0600,P0518,preop,-18,KOOS JR,45.7,,22.3,57.1,28.1,0
C0600,P0518,6wk,,KOOS JR,,,,,,
C0600,P0518,3mo,100,KOOS JR,100,,54.5,52.7,57,0
C0600,P0518,1yr,387,KOOS JR,94.9,,52.6,58.2,55.3,0
